오션스톤,329020,음·식료품 및 담배 도매업,2020-05-07,12
이노진,344860,기타 화학제품 제조업,2020-04-27,12
단디바이오,343090,의료용품 및 기타 의약 관련제품 제조업,2020-04-24,12
케이프이에스제4호,347140,기타 금융업,2020-03-24,12
엔피디,198080,전자부품 제조업,2020-03-16,12
플레이디,237820,광고업,2020-03-12,12
SK6호스팩,340350,금융 지원 서비스업,2020-03-11,12
서울바이오시스,092190,반도체 제조업,2020-03-06,12
제이앤티씨,204270,전자부품 제조업,2020-03-04,12
켄코아에어로스페이스,274090,항공기|우주선 및 부품 제조업,2020-03-03,12
레몬,294140,화학섬유 제조업,2020-02-28,12
서남,294630,기타 전기장비 제조업,2020-02-20,12
신영스팩6호,344050,금융 지원 서비스업,2020-02-12,12
위세아이텍,065370,소프트웨어 개발 및 공급업,2020-02-10,12
케이비제20호스팩,342550,금융 지원 서비스업,2020-01-30,12
하나금융15호스팩,341160,금융 지원 서비스업,2020-01-30,12
케이씨씨글라스,344820,유리 및 유리제품 제조업,2020-01-21,12
이앤에치,341310,기타 섬유제품 제조업,2019-12-27,12
한화플러스제1호스팩,340440,금융 지원 서비스업,2019-12-27,12
엔에스엠,238170,합성고무 및 플라스틱 물질 제조업,2019-12-26,12
천랩,311690,자연과학 및 공학 연구개발업,2019-12-26,12
피피아이,062970,통신 및 방송 장비 제조업,2019-12-26,12
메탈라이프,327260,전자부품 제조업,2019-12-24,12
애드바이오텍,179530,의약품 제조업,2019-12-24,12
엔에이치스팩15,339950,금융 지원 서비스업,2019-12-24,12
하이제5호스팩,340120,금융 지원 서비스업,2019-12-23,12
브릿지바이오,288330,기초 의약물질 및 생물학적 제제 제조업,2019-12-20,12
대신밸런스제8호스팩,336570,금융 지원 서비스업,2019-12-19,12
메드팩토,235980,자연과학 및 공학 연구개발업,2019-12-19,12
유안타제6호스팩,340360,금융 지원 서비스업,2019-12-19,12
신테카바이오,226330,소프트웨어 개발 및 공급업,2019-12-17,12
제이엘케이,322510,소프트웨어 개발 및 공급업,2019-12-11,12
태웅로직스,124560,기타 운송관련 서비스업,2019-12-10,12
IBKS제12호스팩,335870,금융 지원 서비스업,2019-12-09,12
노드메이슨,317860,기타 화학제품 제조업,2019-12-06,12
리메드,302550,의료용 기기 제조업,2019-12-06,12
NH프라임리츠,338100,부동산 임대 및 공급업,2019-12-05,11
SK5호스팩,337450,금융 지원 서비스업,2019-12-04,12
IBKS제11호스팩,335890,금융 지원 서비스업,2019-12-03,12
이도바이오,336040,자연과학 및 공학 연구개발업,2019-12-02,12
진코스텍,250030,기타 화학제품 제조업,2019-11-29,12
코리아센터,290510,소프트웨어 개발 및 공급업,2019-11-29,12
유안타제5호스팩,336060,금융 지원 서비스업,2019-11-28,12
유엑스엔,337840,의료용 기기 제조업,2019-11-28,12
노터스,278650,자연과학 및 공학 연구개발업,2019-11-27,12
센트랄모텍,308170,자동차 신품 부품 제조업,2019-11-25,12
티움바이오,321550,자연과학 및 공학 연구개발업,2019-11-22,12
씨에스베어링,297090,일반 목적용 기계 제조업,2019-11-21,12
우양,103840,과실| 채소 가공 및 저장 처리업,2019-11-20,12
코리아에셋투자증권,190650,기타 금융업,2019-11-20,3
현대에너지솔루션,322000,반도체 제조업,2019-11-19,12
에스제이그룹,306040,가죽| 가방 및 유사제품 제조업,2019-11-18,12
제테마,216080,의료용품 및 기타 의약 관련제품 제조업,2019-11-14,12
한화시스템,272210,전자부품 제조업,2019-11-13,12
라파스,214260,기타 화학제품 제조업,2019-11-11,12
아이티엠반도체,084850,전자부품 제조업,2019-11-07,12
미래에셋대우스팩4호,333430,금융 지원 서비스업,2019-11-06,12
자이에스앤디,317400,부동산 임대 및 공급업,2019-11-06,12
미디어젠,279600,소프트웨어 개발 및 공급업,2019-11-05,12
하나금융14호스팩,332710,금융 지원 서비스업,2019-11-01,12
신한제6호스팩,333050,금융 지원 서비스업,2019-10-31,12
티라유텍,322180,소프트웨어 개발 및 공급업,2019-10-31,12
롯데리츠,330590,부동산 임대 및 공급업,2019-10-30,6
지누스,013890,가구 제조업,2019-10-30,12
교보9호스팩,331520,금융 지원 서비스업,2019-10-29,12
캐리소프트,317530,영화| 비디오물| 방송프로그램 제작 및 배급업,2019-10-29,12
한국미라클피플사,331660,기타 화학제품 제조업,2019-10-28,12
케이엔제이,272110,특수 목적용 기계 제조업,2019-10-25,12
엔바이오니아,317870,그외 기타 제품 제조업,2019-10-24,12
팜스빌,318010,기타 식품 제조업,2019-10-22,12
두산솔루스,336370,전자부품 제조업,2019-10-18,12
두산퓨얼셀,336260,전동기| 발전기 및 전기 변환 · 공급 · 제어 장치 제조업,2019-10-18,12
라온피플,300120,소프트웨어 개발 및 공급업,2019-10-18,12
제이콘텐트리,036420,영화| 비디오물| 방송프로그램 제작 및 배급업,2019-10-18,12
아톤,158430,소프트웨어 개발 및 공급업,2019-10-17,12
녹십자웰빙,234690,의약품 제조업,2019-10-14,12
대신밸런스제7호스팩,332290,금융 지원 서비스업,2019-10-11,12
유진스팩5호,331380,금융 지원 서비스업,2019-10-02,12
엔지브이아이,093510,자동차 신품 부품 제조업,2019-09-30,12
케이비제19호스팩,330990,금융 지원 서비스업,2019-09-30,12
올리패스,244460,기초 의약물질 및 생물학적 제제 제조업,2019-09-20,12
라닉스,317120,반도체 제조업,2019-09-18,12
하나금융13호스팩,320000,금융 지원 서비스업,2019-09-18,12
한독크린텍,256150,일반 목적용 기계 제조업,2019-09-05,12
아퓨어스,149300,기초 의약물질 및 생물학적 제제 제조업,2019-09-03,12
상상인이안제2호스팩,329560,금융 지원 서비스업,2019-08-30,12
네오크레마,311390,기타 식품 제조업,2019-08-22,12
마니커에프앤지,195500,도축| 육류 가공 및 저장 처리업,2019-08-20,12
미래에셋대우스팩3호,328380,금융 지원 서비스업,2019-08-20,12
나노브릭,286750,기초 화학물질 제조업,2019-08-19,12
에스피시스템스,317830,특수 목적용 기계 제조업,2019-08-14,12
레이,228670,의료용 기기 제조업,2019-08-08,12
그린플러스,186230,1차 비철금속 제조업,2019-08-07,12
케어룸의료산업,327970,의료용 기기 제조업,2019-08-05,12
코윈테크,282880,특수 목적용 기계 제조업,2019-08-05,12
덕산테코피아,317330,기타 화학제품 제조업,2019-08-02,12
슈프리마아이디,317770,전자부품 제조업,2019-08-01,12
한국바이오젠,318000,합성고무 및 플라스틱 물질 제조업,2019-08-01,12
세경하이테크,148150,전자부품 제조업,2019-07-30,12
윌링스,313760,전동기| 발전기 및 전기 변환 · 공급 · 제어 장치 제조업,2019-07-25,12
대모,317850,특수 목적용 기계 제조업,2019-07-24,12
에이스토리,241840,영화| 비디오물| 방송프로그램 제작 및 배급업,2019-07-19,12
플리토,300080,자료처리| 호스팅| 포털 및 기타 인터넷 정보매개 서비스업,2019-07-17,12
이베스트이안스팩1호,323210,금융 지원 서비스업,2019-07-15,12
구스앤홈,329050,직물직조 및 직물제품 제조업,2019-07-12,12
세틀뱅크,234340,기타 정보 서비스업,2019-07-12,12
아이스크림에듀,289010,서적| 잡지 및 기타 인쇄물 출판업,2019-07-11,12
펨토바이오메드,327610,자연과학 및 공학 연구개발업,2019-07-10,12
펌텍코리아,251970,플라스틱제품 제조업,2019-07-04,12
에이에프더블류,312610,일차전지 및 축전지 제조업,2019-07-01,12
티티씨디펜스,309900,그외 기타 전문| 과학 및 기술 서비스업,2019-06-27,12
신영스팩5호,323280,금융 지원 서비스업,2019-06-24,12
케이비제18호스팩,323940,금융 지원 서비스업,2019-06-24,12
신한제5호스팩,323230,금융 지원 서비스업,2019-06-19,12
압타바이오,293780,자연과학 및 공학 연구개발업,2019-06-12,12
까스텔바작,308100,섬유| 의복| 신발 및 가죽제품 소매업,2019-06-10,12
마이크로디지탈,305090,의료용 기기 제조업,2019-06-05,12
원바이오젠,278380,의료용품 및 기타 의약 관련제품 제조업,2019-06-03,12
DB금융스팩7호,322780,금융 지원 서비스업,2019-05-31,12
유진스팩4호,321260,금융 지원 서비스업,2019-05-31,12
포스코케미칼,003670,내화| 비내화 요업제품 제조업,2019-05-29,12
수젠텍,253840,의료용품 및 기타 의약 관련제품 제조업,2019-05-28,12
컴퍼니케이,307930,기타 금융업,2019-05-23,12
다원넥스뷰,323350,사진장비 및 광학기기 제조업,2019-05-21,12
피에스케이,319660,특수 목적용 기계 제조업,2019-05-10,12
엔에이치스팩14호,319400,금융 지원 서비스업,2019-05-08,12
SNK,950180,소프트웨어 개발 및 공급업,2019-05-07,7
한화에스비아이스팩,317320,금융 지원 서비스업,2019-05-03,12
하이제4호스팩,317240,금융 지원 서비스업,2019-04-29,12
이노벡스,279060,전자부품 제조업,2019-04-12,12
아모그린텍,125210,전자부품 제조업,2019-03-29,12
현대오토에버,307950,소프트웨어 개발 및 공급업,2019-03-28,12
지노믹트리,228760,의료용품 및 기타 의약 관련제품 제조업,2019-03-27,12
케이비17호스팩,317030,금융 지원 서비스업,2019-03-27,12
이지케어텍,099750,소프트웨어 개발 및 공급업,2019-03-22,3
유안타제4호스팩,313750,금융 지원 서비스업,2019-03-21,12
미래에셋벤처투자,100790,기타 금융업,2019-03-15,12
드림텍,192650,전자부품 제조업,2019-03-14,12
더블유게임즈,192080,소프트웨어 개발 및 공급업,2019-03-12,12
에코프로비엠,247540,일차전지 및 축전지 제조업,2019-03-05,12
셀리드,299660,자연과학 및 공학 연구개발업,2019-02-20,12
우리금융지주,316140,기타 금융업,2019-02-13,12
천보,278280,기초 화학물질 제조업,2019-02-11,12
이노테라피,246960,의료용품 및 기타 의약 관련제품 제조업,2019-02-01,12
노랑풍선,104620,여행사 및 기타 여행보조 서비스업,2019-01-30,12
웹케시,053580,소프트웨어 개발 및 공급업,2019-01-25,12
엘에이티,311060,특수 목적용 기계 제조업,2018-12-28,12
에어부산,298690,항공 여객 운송업,2018-12-27,12
비피도,238200,기타 식품 제조업,2018-12-26,12
지놈앤컴퍼니,314130,기초 의약물질 및 생물학적 제제 제조업,2018-12-26,12
키움제5호스팩,311270,금융 지원 서비스업,2018-12-26,12
엔에이치스팩13호,310840,금융 지원 서비스업,2018-12-24,12
유틸렉스,263050,기초 의약물질 및 생물학적 제제 제조업,2018-12-24,12
디케이티,290550,전자부품 제조업,2018-12-21,12
아이엘사이언스,307180,전구 및 조명장치 제조업,2018-12-21,12
애니플러스,310200,영화| 비디오물| 방송프로그램 제작 및 배급업,2018-12-21,12
테크엔,308700,전구 및 조명장치 제조업,2018-12-21,12
삼성머스트스팩3호,309930,금융 지원 서비스업,2018-12-20,12
위지윅스튜디오,299900,영화| 비디오물| 방송프로그램 제작 및 배급업,2018-12-20,12
한국제8호스팩,310870,금융 지원 서비스업,2018-12-20,12
대신밸런스제6호스팩,307750,금융 지원 서비스업,2018-12-19,12
에이비엘바이오,298380,기초 의약물질 및 생물학적 제제 제조업,2018-12-19,12
프로테옴텍,303360,의료용품 및 기타 의약 관련제품 제조업,2018-12-19,12
머큐리,100590,통신 및 방송 장비 제조업,2018-12-14,12
전진바이오팜,110020,기타 화학제품 제조업,2018-12-14,12
뉴트리,270870,기타 식품 제조업,2018-12-13,12
상상인이안1호스팩,307870,금융 지원 서비스업,2018-12-12,12
이노메트리,302430,특수 목적용 기계 제조업,2018-12-12,12
SK4호스팩,307070,금융 지원 서비스업,2018-12-07,12
대유에이피,290120,자동차 신품 부품 제조업,2018-12-07,12
교보8호스팩,307280,금융 지원 서비스업,2018-12-05,12
에코캡,128540,자동차 신품 부품 제조업,2018-12-05,12
베스파,299910,소프트웨어 개발 및 공급업,2018-12-03,12
비엔에프코퍼레이션,271780,1차 비철금속 제조업,2018-11-30,12
윙입푸드,900340,기타 금융업,2018-11-30,12
하나머스트제6호스팩,307160,금융 지원 서비스업,2018-11-30,12
남화산업,111710,스포츠 서비스업,2018-11-29,12
엠아이텍,179290,의료용 기기 제조업,2018-11-29,12
티로보틱스,117730,특수 목적용 기계 제조업,2018-11-29,12
네오펙트,290660,의료용 기기 제조업,2018-11-28,12
에이펙스인텍,207490,전구 및 조명장치 제조업,2018-11-28,12
티앤알바이오팹,246710,기초 의약물질 및 생물학적 제제 제조업,2018-11-28,12
나라소프트,288490,소프트웨어 개발 및 공급업,2018-11-23,12
아시아나IDT,267850,컴퓨터 프로그래밍| 시스템 통합 및 관리업,2018-11-23,12
디알젬,263690,의료용 기기 제조업,2018-11-22,12
싸이토젠,217330,자연과학 및 공학 연구개발업,2018-11-22,12
아주IB투자,027360,기타 금융업,2018-11-21,12
파멥신,208340,의약품 제조업,2018-11-21,12
디케이앤디,263020,플라스틱제품 제조업,2018-11-20,12
디자인,227100,전동기| 발전기 및 전기 변환 · 공급 · 제어 장치 제조업,2018-11-15,12
노바렉스,194700,기타 식품 제조업,2018-11-14,12
셀리버리,268600,자연과학 및 공학 연구개발업,2018-11-09,12
대보마그네틱,290670,기타 전기장비 제조업,2018-11-06,12
노바텍,285490,그외 기타 제품 제조업,2018-11-02,12
엘앤씨바이오,290650,의약품 제조업,2018-11-01,12
네온테크,306620,특수 목적용 기계 제조업,2018-10-31,12
로보티즈,108490,특수 목적용 기계 제조업,2018-10-26,12
옵티팜,153710,의료용품 및 기타 의약 관련제품 제조업,2018-10-26,12
에스퓨얼셀,288620,전동기| 발전기 및 전기 변환 · 공급 · 제어 장치 제조업,2018-10-15,12
세아제강,306200,1차 철강 제조업,2018-10-05,12
나우IB,293580,기타 금융업,2018-10-04,12
푸드나무,290720,무점포 소매업,2018-10-04,12
하나제약,293480,의약품 제조업,2018-10-02,12
크리스에프앤씨,110790,봉제의복 제조업,2018-10-01,12
IBKS제10호스팩,299170,금융 지원 서비스업,2018-09-21,12
지티지웰니스,219750,의료용 기기 제조업,2018-09-21,12
우진아이엔에스,010400,건물설비 설치 공사업,2018-09-14,12
명성티엔에스,257370,특수 목적용 기계 제조업,2018-09-13,12
삼성스팩2호,291230,금융 지원 서비스업,2018-09-13,12
엔솔바이오사이언스,140610,자연과학 및 공학 연구개발업,2018-09-10,12
디지캡,197140,소프트웨어 개발 및 공급업,2018-09-07,12
지니틱스,303030,반도체 제조업,2018-08-30,12
액트로,290740,전자부품 제조업,2018-08-28,12
오파스넷,173130,컴퓨터 프로그래밍| 시스템 통합 및 관리업,2018-08-24,12
에이피티씨,089970,특수 목적용 기계 제조업,2018-08-23,12
바이오솔루션,086820,기초 의약물질 및 생물학적 제제 제조업,2018-08-20,12
더콘텐츠온,302920,영화| 비디오물| 방송프로그램 제작 및 배급업,2018-08-13,12
대유,290380,비료| 농약 및 살균| 살충제 제조업,2018-08-10,12
신한알파리츠,293940,부동산 임대 및 공급업,2018-08-08,3
디아이티,110990,특수 목적용 기계 제조업,2018-08-07,12
에스에스알,275630,소프트웨어 개발 및 공급업,2018-08-06,12
한일시멘트,300720,시멘트| 석회| 플라스터 및 그 제품 제조업,2018-08-06,12
휴네시온,290270,소프트웨어 개발 및 공급업,2018-08-02,12
티웨이항공,091810,항공 여객 운송업,2018-08-01,12
롯데정보통신,286940,컴퓨터 프로그래밍| 시스템 통합 및 관리업,2018-07-27,12
한국유니온제약,080720,의약품 제조업,2018-07-26,12
그리티,204020,봉제의복 제조업,2018-07-23,12
알로이스,297570,통신 및 방송 장비 제조업,2018-07-20,12
올릭스,226950,자연과학 및 공학 연구개발업,2018-07-18,12
테크트랜스,258050,기타 금속 가공제품 제조업,2018-07-13,12
효성중공업,298040,전동기| 발전기 및 전기 변환 · 공급 · 제어 장치 제조업,2018-07-13,12
효성첨단소재,298050,화학섬유 제조업,2018-07-13,12
효성티앤씨,298020,화학섬유 제조업,2018-07-13,12
효성화학,298000,기초 화학물질 제조업,2018-07-13,12
아이큐어,175250,의약품 제조업,2018-07-12,12
SV인베스트먼트,289080,기타 금융업,2018-07-06,3
엘리비젼,276240,영상 및 음향기기 제조업,2018-07-05,12
지앤이헬스케어,299480,기타 섬유제품 제조업,2018-06-29,12
이리츠코크렙,088260,부동산 임대 및 공급업,2018-06-27,6
EDGC,245620,자연과학 및 공학 연구개발업,2018-06-26,12
에스엠비나,299670,봉제의복 제조업,2018-06-25,12
HDC현대산업개발,294870,건물 건설업,2018-06-12,12
하나금융11호스팩,284620,금융 지원 서비스업,2018-06-08,12
파워넷,037030,전동기| 발전기 및 전기 변환 · 공급 · 제어 장치 제조업,2018-06-07,12
현대사료,016790,동물용 사료 및 조제식품 제조업,2018-06-01,12
세종메디칼,258830,의료용 기기 제조업,2018-05-29,12
제노레이,122310,의료용 기기 제조업,2018-05-28,12
디피코,163430,건축기술| 엔지니어링 및 관련 기술 서비스업,2018-05-16,12
한국제7호스팩,291210,금융 지원 서비스업,2018-05-11,12
다이노나,086080,자연과학 및 공학 연구개발업,2018-05-08,12
유안타제3호스팩,287410,금융 지원 서비스업,2018-05-08,12
에스제이켐,217910,기초 화학물질 제조업,2018-04-27,12
JTC,950170,종합 소매업,2018-04-06,2
네오셈,253590,특수 목적용 기계 제조업,2018-04-04,12
케어랩스,263700,소프트웨어 개발 및 공급업,2018-03-28,12
애경산업,018250,기타 화학제품 제조업,2018-03-22,12
에코마이스터,064510,특수 목적용 기계 제조업,2018-03-15,12
린드먼아시아,277070,신탁업 및 집합투자업,2018-03-14,12
오스테오닉,226400,의료용 기기 제조업,2018-02-22,12
엔지켐생명과학,183490,기초 의약물질 및 생물학적 제제 제조업,2018-02-21,12
동구바이오제약,006620,의약품 제조업,2018-02-13,12
아시아종묘,154030,작물 재배업,2018-02-12,9
알리코제약,260660,의료용품 및 기타 의약 관련제품 제조업,2018-02-12,12
셀트리온,068270,기초 의약물질 및 생물학적 제제 제조업,2018-02-09,12
카페24,042000,자료처리| 호스팅| 포털 및 기타 인터넷 정보매개 서비스업,2018-02-08,12
링크제니시스,219420,소프트웨어 개발 및 공급업,2018-02-05,12
배럴,267790,봉제의복 제조업,2018-02-01,12
SG,255220,기타 비금속 광물제품 제조업,2018-01-26,12
씨앤지하이테크,264660,특수 목적용 기계 제조업,2018-01-25,12
쿠쿠홈시스,284740,개인 및 가정용품 임대업,2018-01-11,12
SK케미칼,285130,합성고무 및 플라스틱 물질 제조업,2018-01-05,12
시스웍,269620,측정| 시험| 항해| 제어 및 기타 정밀기기 제조업; 광학기기 제외,2017-12-26,12
TS트릴리온,284610,기타 화학제품 제조업,2017-12-22,12
라이프사이언스테크놀로지,285770,소프트웨어 개발 및 공급업,2017-12-21,12
한국제6호스팩,281410,금융 지원 서비스업,2017-12-21,12
디바이스이엔지,187870,특수 목적용 기계 제조업,2017-12-20,12
바이오시네틱스,281310,자연과학 및 공학 연구개발업,2017-12-15,12
씨알푸드,236030,곡물가공품| 전분 및 전분제품 제조업,2017-12-14,12
레이크머티리얼즈,281740,기타 화학제품 제조업,2017-12-12,12
휴럼,284420,기타 식품 제조업,2017-12-12,12
BGF리테일,282330,종합 소매업,2017-12-08,12
동양피스톤,092780,자동차용 엔진 및 자동차 제조업,2017-12-08,12
진에어,272450,항공 여객 운송업,2017-12-08,12
씨티케이코스메틱스,260930,기타 화학제품 제조업,2017-12-07,12
메카로,241770,기타 화학제품 제조업,2017-12-06,12
에스트래픽,234300,컴퓨터 프로그래밍| 시스템 통합 및 관리업,2017-12-05,12
케이씨텍,281820,측정| 시험| 항해| 제어 및 기타 정밀기기 제조업; 광학기기 제외,2017-12-05,12
체리부로,066360,도축| 육류 가공 및 저장 처리업,2017-12-04,12
대원,007680,건물 건설업,2017-12-01,12
비즈니스온,138580,소프트웨어 개발 및 공급업,2017-11-30,12
동아타이어,282690,고무제품 제조업,2017-11-29,12
삼양패키징,272550,플라스틱제품 제조업,2017-11-29,12
한화에이스스팩4호,279410,금융 지원 서비스업,2017-11-27,12
스튜디오드래곤,253450,영화| 비디오물| 방송프로그램 제작 및 배급업,2017-11-24,12
IBKS제7호스팩,276920,금융 지원 서비스업,2017-11-10,12
비디아이,148140,일반 목적용 기계 제조업,2017-11-09,12
코오롱티슈진,950160,기초 의약물질 및 생물학적 제제 제조업,2017-11-06,12
테이팩스,055490,플라스틱제품 제조업,2017-10-31,12
파인이엠텍,278990,전동기| 발전기 및 전기 변환 · 공급 · 제어 장치 제조업,2017-10-31,12
롯데제과,280360,기타 식품 제조업,2017-10-30,12
티에스아이,277880,특수 목적용 기계 제조업,2017-10-30,12
탑선,180060,기타 전기장비 제조업,2017-10-27,12
영화테크,265560,자동차 신품 부품 제조업,2017-10-26,12
세원,234100,자동차 신품 부품 제조업,2017-10-20,12
신한제4호스팩,277480,금융 지원 서비스업,2017-10-20,12
상신전자,263810,전자부품 제조업,2017-10-16,12
야스,255440,특수 목적용 기계 제조업,2017-09-29,12
인산가,277410,기타 식품 제조업,2017-09-29,12
블러썸엠앤씨,263920,그외 기타 제품 제조업,2017-09-28,12
신흥에스이씨,243840,일차전지 및 축전지 제조업,2017-09-27,12
유티아이,179900,전자부품 제조업,2017-09-27,12
선익시스템,171090,특수 목적용 기계 제조업,2017-09-20,12
엠플러스,259630,특수 목적용 기계 제조업,2017-09-20,12
앱클론,174900,의료용품 및 기타 의약 관련제품 제조업,2017-09-18,12
샘코,263540,항공기|우주선 및 부품 제조업,2017-09-15,12
펄어비스,263750,소프트웨어 개발 및 공급업,2017-09-14,12
이십일스토어,270020,기타 비금속 광물제품 제조업,2017-09-08,12
케이피에스,256940,특수 목적용 기계 제조업,2017-09-06,12
시그넷이브이,260870,전동기| 발전기 및 전기 변환 · 공급 · 제어 장치 제조업,2017-08-30,12
덕우전자,263600,전자부품 제조업,2017-08-28,12
명진홀딩스,267060,수산물 가공 및 저장 처리업,2017-08-24,12
이더블유케이,258610,구조용 금속제품| 탱크 및 증기발생기 제조업,2017-08-22,12
지엔원에너지,270520,건축기술| 엔지니어링 및 관련 기술 서비스업,2017-08-22,12
알에스오토메이션,140670,전자부품 제조업,2017-08-11,12
컬러레이,900310,기타 금융업,2017-08-10,12
엔에이치스팩12호,273060,금융 지원 서비스업,2017-08-07,12
모트렉스,118990,자동차 신품 부품 제조업,2017-08-04,12
데이타솔루션,263800,기계장비 및 관련 물품 도매업,2017-08-03,12
지니언스,263860,소프트웨어 개발 및 공급업,2017-08-02,12
디앤씨미디어,263720,서적| 잡지 및 기타 인쇄물 출판업,2017-08-01,12
셀트리온헬스케어,091990,기타 전문 도매업,2017-07-28,12
이즈미디어,181340,측정| 시험| 항해| 제어 및 기타 정밀기기 제조업; 광학기기 제외,2017-07-26,12
루켄테크놀러지스,162120,기타 전기장비 제조업,2017-07-25,12
에브리봇,270660,가정용 기기 제조업,2017-07-24,12
힘스,238490,특수 목적용 기계 제조업,2017-07-20,12
제일약품,271980,의약품 제조업,2017-07-17,12
브이원텍,251630,특수 목적용 기계 제조업,2017-07-13,12
아우딘퓨쳐스,227610,기타 화학제품 제조업,2017-07-12,12
이녹스첨단소재,272290,전자부품 제조업,2017-07-10,12
카카오,035720,자료처리| 호스팅| 포털 및 기타 인터넷 정보매개 서비스업,2017-07-10,12
오리온,271560,기타 식품 제조업,2017-07-07,12
하림지주,003380,기타 금융업,2017-06-30,12
메디안디노스틱,233250,의료용품 및 기타 의약 관련제품 제조업,2017-06-26,12
하나금융9호스팩,261200,금융 지원 서비스업,2017-06-26,12
나인테크,267320,특수 목적용 기계 제조업,2017-06-22,12
다이오진,271850,자연과학 및 공학 연구개발업,2017-06-19,12
에스알바이오텍,270210,기타 화학제품 제조업,2017-06-15,12
뿌리깊은나무들,266170,영화| 비디오물| 방송프로그램 제작 및 배급업,2017-06-09,12
보라티알,250000,음·식료품 및 담배 도매업,2017-06-08,12
매일유업,267980,낙농제품 및 식용빙과류 제조업,2017-06-05,12
삼양옵틱스,225190,사진장비 및 광학기기 제조업,2017-06-02,12
이랜시스,264850,전자부품 제조업,2017-06-01,12
필옵틱스,161580,특수 목적용 기계 제조업,2017-06-01,12
SGA임베디드,224880,소프트웨어 개발 및 공급업,2017-05-23,12
미원에스씨,268280,기초 화학물질 제조업,2017-05-22,12
경동도시가스,267290,연료용 가스 제조 및 배관공급업,2017-05-12,12
넷마블,251270,소프트웨어 개발 및 공급업,2017-05-12,12
현대건설기계,267270,일반 목적용 기계 제조업,2017-05-10,12
현대일렉트릭,267260,전동기| 발전기 및 전기 변환 · 공급 · 제어 장치 제조업,2017-05-10,12
현대중공업지주,267250,석유 정제품 제조업,2017-05-10,12
포인트엔지니어링,256630,기타 금속 가공제품 제조업,2017-05-02,12
앙츠,267810,컴퓨터 및 통신장비 수리업,2017-04-28,12
하나머티리얼즈,166090,반도체 제조업,2017-04-28,12
소프트캠프,258790,소프트웨어 개발 및 공급업,2017-04-27,12
와이엠티,251370,기초 화학물질 제조업,2017-04-27,12
엠앤씨생명과학,225860,기타 화학제품 제조업,2017-04-25,12
파워풀엑스,266870,생활용품 도매업,2017-04-24,12
크라운제과,264900,기타 식품 제조업,2017-04-11,12
AP시스템,265520,특수 목적용 기계 제조업,2017-04-07,12
유에스티,263770,1차 철강 제조업,2017-04-06,12
이엘피,063760,측정| 시험| 항해| 제어 및 기타 정밀기기 제조업; 광학기기 제외,2017-04-06,12
유비쿼스,264450,통신 및 방송 장비 제조업,2017-03-31,12
서진시스템,178320,통신 및 방송 장비 제조업,2017-03-27,12
코미코,183300,특수 목적용 기계 제조업,2017-03-23,12
아스타,246720,의료용품 및 기타 의약 관련제품 제조업,2017-03-20,12
덴티움,145720,의료용 기기 제조업,2017-03-15,12
에스디생명공학,217480,기타 화학제품 제조업,2017-03-02,12
신신제약,002800,의약품 제조업,2017-02-28,12
에프엔에스테크,083500,특수 목적용 기계 제조업,2017-02-27,12
모바일어플라이언스,087260,소프트웨어 개발 및 공급업,2017-02-24,12
피씨엘,241820,의료용품 및 기타 의약 관련제품 제조업,2017-02-23,12
호전실업,111110,봉제의복 제조업,2017-02-02,12
서플러스글로벌,140070,기계장비 및 관련 물품 도매업,2017-01-25,12
유바이오로직스,206650,의약품 제조업,2017-01-24,12
케미메디,205290,자연과학 및 공학 연구개발업,2017-01-13,12
에스앤디,260970,기타 식품 제조업,2016-12-29,12
도부마스크,227420,기타 전문 도매업,2016-12-28,12
한국비엔씨,256840,기초 의약물질 및 생물학적 제제 제조업,2016-12-28,12
전우정밀,120780,자동차 신품 부품 제조업,2016-12-23,12
피엔아이컴퍼니,242350,영화| 비디오물| 방송프로그램 제작 및 배급업,2016-12-22,12
퓨전,195440,소프트웨어 개발 및 공급업,2016-12-21,12
DSC인베스트먼트,241520,신탁업 및 집합투자업,2016-12-19,12
TS인베스트먼트,246690,신탁업 및 집합투자업,2016-12-15,12
셀젠텍,258250,소프트웨어 개발 및 공급업,2016-12-13,12
마이크로프랜드,147760,측정| 시험| 항해| 제어 및 기타 정밀기기 제조업; 광학기기 제외,2016-12-12,12
코썬바이오,204990,기타 식품 제조업,2016-12-09,12
바이오프로테크,199290,의료용 기기 제조업,2016-12-08,12
애니젠,196300,기초 의약물질 및 생물학적 제제 제조업,2016-12-07,12
유니온커뮤니티,203450,통신 및 방송 장비 제조업,2016-12-07,12
신라젠,215600,자연과학 및 공학 연구개발업,2016-12-06,12
자비스,254120,특수 목적용 기계 제조업,2016-12-02,12
핸즈코퍼레이션,143210,자동차 신품 부품 제조업,2016-12-02,12
오션브릿지,241790,특수 목적용 기계 제조업,2016-12-01,12
퓨쳐켐,220100,의약품 제조업,2016-12-01,12
뉴파워프라즈마,144960,특수 목적용 기계 제조업,2016-11-30,12
엘앤케이바이오,156100,의료용 기기 제조업,2016-11-30,12
스템랩,258540,자연과학 및 공학 연구개발업,2016-11-29,12
시큐센,232830,소프트웨어 개발 및 공급업,2016-11-29,12
에이치엔티,176440,전자부품 제조업,2016-11-28,12
핸디소프트,220180,소프트웨어 개발 및 공급업,2016-11-24,12
두산밥캣,241560,특수 목적용 기계 제조업,2016-11-18,12
비플라이소프트,148780,소프트웨어 개발 및 공급업,2016-11-16,12
삼성바이오로직스,207940,기초 의약물질 및 생물학적 제제 제조업,2016-11-10,12
클리오,237880,기타 화학제품 제조업,2016-11-09,12
오가닉티코스메틱,900300,기타 금융업,2016-11-04,12
로고스바이오,238120,사진장비 및 광학기기 제조업,2016-11-03,12
세화피앤씨,252500,기타 화학제품 제조업,2016-11-02,12
굿센,243870,컴퓨터 프로그래밍| 시스템 통합 및 관리업,2016-10-31,12
인크로스,216050,광고업,2016-10-31,12
에이치엘사이언스,239610,기타 식품 제조업,2016-10-28,12
코스메카코리아,241710,기타 화학제품 제조업,2016-10-28,12
JW생명과학,234080,의약품 제조업,2016-10-27,12
GRT,900290,기타 금융업,2016-10-25,6
안지오랩,251280,자연과학 및 공학 연구개발업,2016-10-25,12
골든센츄리,900280,기타 금융업,2016-10-19,12
인텔리안테크,189300,통신 및 방송 장비 제조업,2016-10-18,12
에이치시티,072990,기타 과학기술 서비스업,2016-10-17,12
잉글우드랩,950140,기타 화학제품 제조업,2016-10-14,12
앤디포스,238090,플라스틱제품 제조업,2016-10-12,12
수산아이앤티,050960,소프트웨어 개발 및 공급업,2016-10-11,12
미투온,201490,소프트웨어 개발 및 공급업,2016-10-10,12
화승엔터프라이즈,241590,신발 및 신발 부분품 제조업,2016-10-04,12
예선테크,250930,플라스틱제품 제조업,2016-09-29,12
LS전선아시아,229640,기타 금융업,2016-09-22,12
모두투어리츠,204210,부동산 임대 및 공급업,2016-09-22,12
유니테크노,241690,자동차 신품 부품 제조업,2016-09-20,12
모비스,250060,컴퓨터 프로그래밍| 시스템 통합 및 관리업,2016-09-08,12
엠에프엠코리아,251960,편조의복 제조업,2016-09-08,12
나무기술,242040,소프트웨어 개발 및 공급업,2016-09-07,12
자이글,234920,가정용 기기 제조업,2016-09-06,12
일동제약,249420,의약품 제조업,2016-08-31,12
헝셩그룹,900270,기타 금융업,2016-08-18,12
피엔에이치테크,239890,기초 화학물질 제조업,2016-08-16,12
샘표식품,248170,기타 식품 제조업,2016-08-09,12
에코마케팅,230360,광고업,2016-08-08,12
티케이씨,191600,전자부품 제조업,2016-08-05,12
팍스넷,038160,기타 정보 서비스업,2016-08-01,12
두올,016740,자동차 신품 부품 제조업,2016-07-29,12
엔지스테크널러지,208860,소프트웨어 개발 및 공급업,2016-07-28,12
우리손에프앤지,073560,도축| 육류 가공 및 저장 처리업,2016-07-27,12
휴벡셀,212310,의료용 기기 제조업,2016-07-26,12
에스케이씨에스,224020,플라스틱제품 제조업,2016-07-25,12
아이에이네트웍스,123010,전자부품 제조업,2016-07-20,12
제노텍,066830,기타 화학제품 제조업,2016-07-18,12
동서,026960,음·식료품 및 담배 도매업,2016-07-15,12
장원테크,174880,통신 및 방송 장비 제조업,2016-07-15,12
위니아딤채,071460,가정용 기기 제조업,2016-07-14,12
한국자산신탁,123890,신탁업 및 집합투자업,2016-07-13,12
한국토지신탁,034830,신탁업 및 집합투자업,2016-07-11,12
바이오리더스,142760,자연과학 및 공학 연구개발업,2016-07-07,12
피앤씨테크,237750,전동기| 발전기 및 전기 변환 · 공급 · 제어 장치 제조업,2016-07-04,12
로스웰,900260,기타 금융업,2016-06-30,12
에스엘에스바이오,246250,기타 과학기술 서비스업,2016-06-29,12
씨앤에스링크,245450,통신 및 방송 장비 제조업,2016-06-24,12
해성디에스,195870,전자부품 제조업,2016-06-24,12
녹십자랩셀,144510,그외 기타 전문| 과학 및 기술 서비스업,2016-06-23,12
에스티팜,237690,의약품 제조업,2016-06-23,12
알엔투테크놀로지,148250,전자부품 제조업,2016-06-22,12
이비테크,208850,기타 전기장비 제조업,2016-06-22,12
줌인터넷,239340,자료처리| 호스팅| 포털 및 기타 인터넷 정보매개 서비스업,2016-06-09,12
휴온스,243070,의약품 제조업,2016-06-03,12
나눔테크,244880,의료용 기기 제조업,2016-06-01,12
KC산업,112190,시멘트| 석회| 플라스터 및 그 제품 제조업,2016-05-31,12
용평리조트,070960,일반 및 생활 숙박시설 운영업,2016-05-27,12
해태제과식품,101530,기타 식품 제조업,2016-05-11,12
원익IPS,240810,특수 목적용 기계 제조업,2016-05-02,12
엠로,058970,소프트웨어 개발 및 공급업,2016-04-28,12
이에스산업,241510,일반 목적용 기계 제조업,2016-04-26,12
인터코스,240340,기타 화학제품 제조업,2016-04-21,12
로보쓰리,238500,그외 기타 전문| 과학 및 기술 서비스업,2016-04-20,12
레이언스,228850,의료용 기기 제조업,2016-04-11,12
씨엠에스에듀,225330,일반 교습 학원,2016-04-07,12
동양파일,228340,시멘트| 석회| 플라스터 및 그 제품 제조업,2016-04-06,12
대림씨엔에스,004440,시멘트| 석회| 플라스터 및 그 제품 제조업,2016-03-30,12
팬젠,222110,의약품 제조업,2016-03-11,12
바이옵트로,222160,측정| 시험| 항해| 제어 및 기타 정밀기기 제조업; 광학기기 제외,2016-03-10,3
AP위성,211270,통신 및 방송 장비 제조업,2016-03-04,12
솔트웍스,230980,소프트웨어 개발 및 공급업,2016-03-02,12
큐리언트,115180,자연과학 및 공학 연구개발업,2016-02-29,12
안트로젠,065660,기타 전문 도매업,2016-02-15,12
슈프리마,236200,통신 및 방송 장비 제조업,2016-02-05,12
제이에스코퍼레이션,194370,가죽| 가방 및 유사제품 제조업,2016-02-04,12
아이엠텍,226350,전자부품 제조업,2016-02-03,12
유니트론텍,142210,자동차 부품 및 내장품 판매업,2016-02-02,12
크리스탈신소재,900250,기타 금융업,2016-01-28,12
자안,221610,기타 화학제품 제조업,2016-01-27,12
메디젠휴먼케어,236340,자연과학 및 공학 연구개발업,2016-01-26,12
선바이오,067370,의약품 제조업,2016-01-22,12
볼빅,206950,운동 및 경기용구 제조업,2015-12-30,12
이엠티,232530,일차전지 및 축전지 제조업,2015-12-30,12
에스와이,109610,구조용 금속제품| 탱크 및 증기발생기 제조업,2015-12-29,12
질경이,233990,기타 화학제품 제조업,2015-12-29,12
코디엠,224060,특수 목적용 기계 제조업,2015-12-29,12
코리아오토글라스,152330,유리 및 유리제품 제조업,2015-12-29,12
잇츠한불,226320,기타 화학제품 제조업,2015-12-28,12
지오씨,135160,절연선 및 케이블 제조업,2015-12-28,12
크로넥스,215570,자연과학 및 공학 연구개발업,2015-12-28,12
와이아이케이,232140,특수 목적용 기계 제조업,2015-12-24,12
육일씨엔에쓰,191410,전자부품 제조업,2015-12-24,12
이에스브이,223310,소프트웨어 개발 및 공급업,2015-12-24,12
휴젤,145020,기초 의약물질 및 생물학적 제제 제조업,2015-12-24,12
한국맥널티,222980,기타 식품 제조업,2015-12-23,12
덱스터,206560,영화| 비디오물| 방송프로그램 제작 및 배급업,2015-12-22,12
아진산업,013310,자동차 신품 부품 제조업,2015-12-22,12
강스템바이오텍,217730,기초 의약물질 및 생물학적 제제 제조업,2015-12-21,12
메디포럼제약,047920,자연과학 및 공학 연구개발업,2015-12-21,12
에이원알폼,234070,산업용 기계 및 장비 임대업,2015-12-21,12
메가엠디,133750,일반 교습 학원,2015-12-18,12
보광산업,225530,기타 비금속 광물제품 제조업,2015-12-17,12
파크시스템스,140860,측정| 시험| 항해| 제어 및 기타 정밀기기 제조업; 광학기기 제외,2015-12-17,12
에치에프알,230240,통신 및 방송 장비 제조업,2015-12-16,12
예스티,122640,특수 목적용 기계 제조업,2015-12-16,12
코스맥스엔비티,222040,기타 식품 제조업,2015-12-16,12
라온테크,232680,특수 목적용 기계 제조업,2015-12-15,12
멕아이씨에스,058110,의료용 기기 제조업,2015-12-14,12
에이치엔에스하이텍,044990,전자부품 제조업,2015-12-10,12
미애부,225850,생활용품 도매업,2015-12-08,12
엔에스,217820,특수 목적용 기계 제조업,2015-12-07,12
미래테크놀로지,213090,소프트웨어 개발 및 공급업,2015-12-01,12
세진중공업,075580,선박 및 보트 건조업,2015-11-30,12
하이즈항공,221840,항공기|우주선 및 부품 제조업,2015-11-25,12
리드,197210,특수 목적용 기계 제조업,2015-11-20,12
캔서롭,180400,기타 과학기술 서비스업,2015-11-20,12
매직마이크로,127160,전자부품 제조업,2015-11-19,12
케이디켐,221980,기타 화학제품 제조업,2015-11-19,12
네오오토,212560,자동차 신품 부품 제조업,2015-11-18,12
마이크로텍,227950,특수 목적용 기계 제조업,2015-11-18,6
케어젠,214370,기초 의약물질 및 생물학적 제제 제조업,2015-11-17,12
아이진,185490,자연과학 및 공학 연구개발업,2015-11-16,12
인카금융서비스,211050,보험 및 연금관련 서비스업,2015-11-16,12
나무가,190510,전자부품 제조업,2015-11-12,12
유앤아이,056090,의료용 기기 제조업,2015-11-12,12
금호에이치티,214330,자동차 신품 부품 제조업,2015-11-11,12
제주항공,089590,항공 여객 운송업,2015-11-06,12
본느,226340,기타 화학제품 제조업,2015-11-05,12
파마리서치바이오,217950,의약품 제조업,2015-11-05,12
연우,115960,플라스틱제품 제조업,2015-11-02,12
럭스피아,092590,반도체 제조업,2015-10-30,12
노브메타파마,229500,자연과학 및 공학 연구개발업,2015-10-28,12
젠큐릭스,229000,의료용 기기 제조업,2015-10-27,12
엔케이맥스,182400,기초 의약물질 및 생물학적 제제 제조업,2015-10-23,12
현대코퍼레이션홀딩스,227840,음·식료품 및 담배 도매업,2015-10-23,12
엑시콘,092870,특수 목적용 기계 제조업,2015-10-22,12
이엑스티,226360,토목 건설업,2015-10-22,12
티씨엠생명과학,228180,자연과학 및 공학 연구개발업,2015-10-22,12
엄지하우스,224810,실내건축 및 건축마무리 공사업,2015-10-21,12
메디쎄이,200580,의료용 기기 제조업,2015-10-20,12
뉴지랩,214870,통신 및 방송 장비 제조업,2015-10-13,12
케이엠제약,225430,기타 화학제품 제조업,2015-10-08,12
한송네오텍,226440,특수 목적용 기계 제조업,2015-10-06,12
패션플랫폼,225590,봉제의복 제조업,2015-10-05,12
LIG넥스원,079550,무기 및 총포탄 제조업,2015-10-02,12
넷게임즈,225570,소프트웨어 개발 및 공급업,2015-09-25,12
제너셈,217190,특수 목적용 기계 제조업,2015-09-25,12
타이거일렉,219130,전자부품 제조업,2015-09-25,12
HDC아이콘트롤스,039570,전기 및 통신 공사업,2015-09-24,12
동일제강,002690,1차 철강 제조업,2015-09-24,12
인포마크,175140,통신 및 방송 장비 제조업,2015-09-23,12
카이노스메드,220250,자연과학 및 공학 연구개발업,2015-09-10,12
씨아이에스,222080,특수 목적용 기계 제조업,2015-09-02,12
해마로푸드서비스,220630,음·식료품 및 담배 도매업,2015-08-28,12
에이텍티앤,224110,통신 및 방송 장비 제조업,2015-08-25,12
웹스,196700,합성고무 및 플라스틱 물질 제조업,2015-08-24,12
AJ네트웍스,095570,산업용 기계 및 장비 임대업,2015-08-21,12
파인텍,131760,특수 목적용 기계 제조업,2015-08-17,12
한류AI센터,222810,소프트웨어 개발 및 공급업,2015-08-13,12
심텍,222800,전자부품 제조업,2015-08-07,12
흥국에프엔비,189980,비알코올음료 및 얼음 제조업,2015-08-07,12
쎄노텍,222420,기타 비금속 광물제품 제조업,2015-08-06,12
칩스앤미디어,094360,소프트웨어 개발 및 공급업,2015-08-05,12
제놀루션,225220,의약품 제조업,2015-08-03,12
아시아경제,127710,자료처리| 호스팅| 포털 및 기타 인터넷 정보매개 서비스업,2015-07-31,12
엔에스컴퍼니,224760,토목 건설업,2015-07-31,12
아이쓰리시스템,214430,전자부품 제조업,2015-07-30,12
로지시스,067730,컴퓨터 프로그래밍| 시스템 통합 및 관리업,2015-07-29,12
플럼라인생명과학,222670,자연과학 및 공학 연구개발업,2015-07-28,12
켐트로스,220260,기타 화학제품 제조업,2015-07-27,12
파마리서치프로덕트,214450,생활용품 도매업,2015-07-24,12
MP한강,219550,생활용품 도매업,2015-07-22,12
펩트론,087010,기초 의약물질 및 생물학적 제제 제조업,2015-07-22,12
이노션,214320,광고업,2015-07-17,12
토니모리,214420,기타 화학제품 제조업,2015-07-10,12
네추럴FNP,086220,기타 식품 제조업,2015-07-09,12
아이피몬스터,223220,소프트웨어 개발 및 공급업,2015-07-09,12
미래에셋생명,085620,보험업,2015-07-08,12
RFHIC,218410,통신 및 방송 장비 제조업,2015-06-30,12
동운아나텍,094170,반도체 제조업,2015-06-30,12
민앤지,214180,기타 정보 서비스업,2015-06-30,12
유테크,178780,전자부품 제조업,2015-06-30,12
경보제약,214390,기초 의약물질 및 생물학적 제제 제조업,2015-06-29,12
바이오코아,216400,자연과학 및 공학 연구개발업,2015-06-29,12
유투바이오,221800,기타 과학기술 서비스업,2015-06-29,12
이큐셀,160600,특수 목적용 기계 제조업,2015-06-26,6
켐온,217600,자연과학 및 공학 연구개발업,2015-06-26,12
코아스템,166480,의약품 제조업,2015-06-26,12
세미콘라이트,214310,반도체 제조업,2015-06-25,12
SK디앤디,210980,부동산 임대 및 공급업,2015-06-23,12
미코바이오메드,214610,의료용 기기 제조업,2015-06-22,12
씨앗,103660,기타 화학제품 제조업,2015-06-22,12
베셀,177350,특수 목적용 기계 제조업,2015-06-19,12
넵튠,217270,소프트웨어 개발 및 공급업,2015-06-18,12
미래생명자원,218150,동물용 사료 및 조제식품 제조업,2015-06-18,12
싸이맥스,160980,특수 목적용 기계 제조업,2015-06-17,12
러셀,217500,특수 목적용 기계 제조업,2015-06-16,12
픽셀플러스,087600,전자부품 제조업,2015-06-12,12
디딤,217620,음식점업,2015-06-10,12
제노포커스,187420,기초 의약물질 및 생물학적 제제 제조업,2015-05-29,12
틸론,217880,소프트웨어 개발 및 공급업,2015-05-28,12
관악산업,076340,기반조성 및 시설물 축조관련 전문공사업,2015-05-18,12
우정바이오,215380,자연과학 및 공학 연구개발업,2015-05-18,12
토박스코리아,215480,섬유| 의복| 신발 및 가죽제품 소매업,2015-05-13,12
이노인스트루먼트,215790,통신 및 방송 장비 제조업,2015-05-08,12
우리산업,215360,자동차 신품 부품 제조업,2015-05-06,12
메가스터디교육,215200,일반 교습 학원,2015-05-04,12
썬테크,217320,전동기| 발전기 및 전기 변환 · 공급 · 제어 장치 제조업,2015-04-29,12
원텍,216280,의료용 기기 제조업,2015-04-29,12
이디티,215090,측정| 시험| 항해| 제어 및 기타 정밀기기 제조업; 광학기기 제외,2015-04-28,12
로보로보,215100,기타 전기장비 제조업,2015-04-22,12
디알텍,214680,의료용 기기 제조업,2015-04-20,12
에이비프로바이오,195990,특수 목적용 기계 제조업,2015-04-13,12
골프존,215000,소프트웨어 개발 및 공급업,2015-04-03,12
클래시스,214150,의료용 기기 제조업,2015-04-03,12
비엔디생활건강,215050,기타 화학제품 제조업,2015-03-30,12
엔에스쇼핑,138250,무점포 소매업,2015-03-27,12
퓨쳐스트림네트웍스,214270,소프트웨어 개발 및 공급업,2015-03-25,12
세화아이엠씨,145210,특수 목적용 기계 제조업,2015-03-19,12
포시에스,189690,소프트웨어 개발 및 공급업,2015-02-11,6
덕산네오룩스,213420,전자부품 제조업,2015-02-06,12
한솔제지,213500,펄프| 종이 및 판지 제조업,2015-01-26,12
디와이파워,210540,특수 목적용 기계 제조업,2015-01-15,12
국일신동,060480,1차 비철금속 제조업,2014-12-29,12
듀켐바이오,176750,의약품 제조업,2014-12-29,12
바디텍메드,206640,의료용품 및 기타 의약 관련제품 제조업,2014-12-29,12
썸에이지,208640,소프트웨어 개발 및 공급업,2014-12-29,12
와이제이엠게임즈,193250,전자부품 제조업,2014-12-29,12
화이브라더스코리아,204630,창작 및 예술관련 서비스업,2014-12-29,12
에이팩트,200470,그외 기타 전문| 과학 및 기술 서비스업,2014-12-26,12
휴메딕스,200670,의약품 제조업,2014-12-26,12
래몽래인,200350,영화| 비디오물| 방송프로그램 제작 및 배급업,2014-12-24,12
바이오로그디바이스,208710,전자부품 제조업,2014-12-24,12
서전기전,189860,전동기| 발전기 및 전기 변환 · 공급 · 제어 장치 제조업,2014-12-24,12
아스트,067390,항공기|우주선 및 부품 제조업,2014-12-24,12
오킨스전자,080580,전자부품 제조업,2014-12-24,12
지란지교시큐리티,208350,소프트웨어 개발 및 공급업,2014-12-24,12
NEW,160550,영화| 비디오물| 방송프로그램 제작 및 배급업,2014-12-23,12
아이티센,124500,컴퓨터 프로그래밍| 시스템 통합 및 관리업,2014-12-23,12
삼성물산,028260,기타 전문 도매업,2014-12-18,12
에듀파트너,208890,교육지원 서비스업,2014-12-18,12
녹십자엠에스,142280,의료용품 및 기타 의약 관련제품 제조업,2014-12-17,12
디티앤씨,187220,기타 과학기술 서비스업,2014-12-17,12
셀바스헬스케어,208370,의료용 기기 제조업,2014-12-17,12
정다운,208140,도축| 육류 가공 및 저장 처리업,2014-12-17,12
하이로닉,149980,의료용 기기 제조업,2014-12-17,12
랩지노믹스,084650,자연과학 및 공학 연구개발업,2014-12-16,12
빅텐츠,210120,영화| 비디오물| 방송프로그램 제작 및 배급업,2014-12-16,12
에이디테크놀로지,200710,반도체 제조업,2014-12-16,12
비씨월드제약,200780,의약품 제조업,2014-12-15,12
미스터블루,207760,기타 정보 서비스업,2014-12-12,12
알테오젠,196170,자연과학 및 공학 연구개발업,2014-12-12,12
엔터메이트,206400,소프트웨어 개발 및 공급업,2014-12-10,12
SKC코오롱PI,178920,플라스틱제품 제조업,2014-12-08,12
대창스틸,140520,1차 철강 제조업,2014-12-05,12
피노텍,150440,소프트웨어 개발 및 공급업,2014-12-05,12
에프엔씨엔터,173940,창작 및 예술관련 서비스업,2014-12-04,12
휴마시스,205470,의료용품 및 기타 의약 관련제품 제조업,2014-12-01,12
씨에스윈드,112610,구조용 금속제품| 탱크 및 증기발생기 제조업,2014-11-27,12
텔콘RF제약,200230,통신 및 방송 장비 제조업,2014-11-24,12
파티게임즈,194510,소프트웨어 개발 및 공급업,2014-11-21,12
지엘팜텍,204840,자연과학 및 공학 연구개발업,2014-11-20,12
글로벌텍스프리,204620,금융 지원 서비스업,2014-11-19,12
디에이테크놀로지,196490,특수 목적용 기계 제조업,2014-11-19,12
삼성에스디에스,018260,컴퓨터 프로그래밍| 시스템 통합 및 관리업,2014-11-14,12
아이케이세미콘,149010,반도체 제조업,2014-11-14,12
액션스퀘어,205500,소프트웨어 개발 및 공급업,2014-11-12,12
엑셈,205100,소프트웨어 개발 및 공급업,2014-11-07,12
테고사이언스,191420,기초 의약물질 및 생물학적 제제 제조업,2014-11-06,12
슈피겐코리아,192440,그외 기타 제품 제조업,2014-11-05,12
테라셈,182690,반도체 제조업,2014-10-30,12
영우디에스피,143540,특수 목적용 기계 제조업,2014-10-29,12
유니포인트,121060,컴퓨터 프로그래밍| 시스템 통합 및 관리업,2014-10-24,12
드림시큐리티,203650,소프트웨어 개발 및 공급업,2014-10-13,12
메디아나,041920,의료용 기기 제조업,2014-10-07,12
데브시스터즈,194480,소프트웨어 개발 및 공급업,2014-10-06,12
만도,204320,자동차 신품 부품 제조업,2014-10-06,12
프로스테믹스,203690,기초 의약물질 및 생물학적 제제 제조업,2014-09-30,12
감마누,192410,통신 및 방송 장비 제조업,2014-08-14,12
고려시멘트,198440,시멘트| 석회| 플라스터 및 그 제품 제조업,2014-08-13,12
판도라티비,202960,소프트웨어 개발 및 공급업,2014-08-11,12
서연이화,200880,자동차 신품 부품 제조업,2014-08-08,12
신화콘텍,187270,전동기| 발전기 및 전기 변환 · 공급 · 제어 장치 제조업,2014-08-08,12
쿠쿠홀딩스,192400,기타 금융업,2014-08-06,12
파버나인,177830,전자부품 제조업,2014-08-04,12
덕신하우징,090410,구조용 금속제품| 탱크 및 증기발생기 제조업,2014-08-01,12
창해에탄올,004650,알코올음료 제조업,2014-07-30,12
윈하이텍,192390,구조용 금속제품| 탱크 및 증기발생기 제조업,2014-07-25,12
아진엑스텍,059120,반도체 제조업,2014-07-24,12
콜마비앤에이치,200130,기초 의약물질 및 생물학적 제제 제조업,2014-07-23,12
화인베스틸,133820,1차 철강 제조업,2014-07-22,12
에이비온,203400,자연과학 및 공학 연구개발업,2014-07-21,12
트루윈,105550,전자부품 제조업,2014-07-11,12
큐엠씨,136660,특수 목적용 기계 제조업,2014-07-01,12
데이터스트림즈,199150,소프트웨어 개발 및 공급업,2014-06-25,12
툴젠,199800,자연과학 및 공학 연구개발업,2014-06-25,12
디오스텍,196450,사진장비 및 광학기기 제조업,2014-06-02,12
캐스텍코리아,071850,자동차 신품 부품 제조업,2014-05-27,12
BGF,027410,기타 금융업,2014-05-19,12
나노,187790,기초 화학물질 제조업,2014-05-08,12
케이사인,192250,소프트웨어 개발 및 공급업,2014-04-28,12
코스맥스,192820,기타 화학제품 제조업,2014-04-07,12
오이솔루션,138080,통신 및 방송 장비 제조업,2014-02-27,12
인터파크,108790,무점포 소매업,2014-02-06,12
한국정보인증,053300,소프트웨어 개발 및 공급업,2014-02-04,12
유비온,084440,기타 정보 서비스업,2014-01-21,9
솔루에타,154040,전자부품 제조업,2013-12-27,12
이지웰,090850,소프트웨어 개발 및 공급업,2013-12-27,12
위월드,140660,통신 및 방송 장비 제조업,2013-12-26,12
씨이랩,189330,소프트웨어 개발 및 공급업,2013-12-24,12
씨티네트웍스,189540,통신 및 방송 장비 제조업,2013-12-24,12
코셋,189350,통신 및 방송 장비 제조업,2013-12-24,12
SGA솔루션즈,184230,소프트웨어 개발 및 공급업,2013-12-20,12
대동고려삼,178600,기타 식품 제조업,2013-12-20,6
청광건설,140290,토목 건설업,2013-12-20,12
기가레인,049080,특수 목적용 기계 제조업,2013-12-19,12
인트로메딕,150840,의료용 기기 제조업,2013-12-19,12
한중엔시에스,107640,자동차 신품 부품 제조업,2013-12-10,12
알티캐스트,085810,소프트웨어 개발 및 공급업,2013-12-06,12
종근당,185750,의약품 제조업,2013-12-06,12
현대공업,170030,자동차 신품 부품 제조업,2013-12-04,12
엔브이에이치코리아,067570,자동차 신품 부품 제조업,2013-12-03,12
디엠티,134580,통신 및 방송 장비 제조업,2013-11-26,12
신송홀딩스,006880,산업용 농·축산물 및 동·식물 도매업,2013-11-21,12
큐브엔터,182360,오디오물 출판 및 원판 녹음업,2013-11-21,12
라이온켐텍,171120,기타 화학제품 제조업,2013-11-19,12
램테크놀러지,171010,기초 화학물질 제조업,2013-11-18,12
THE MIDONG,161570,영상 및 음향기기 제조업,2013-11-13,12
골프존데카,183410,측정| 시험| 항해| 제어 및 기타 정밀기기 제조업; 광학기기 제외,2013-11-12,12
에이씨티,138360,기타 화학제품 제조업,2013-11-08,12
아세아시멘트,183190,시멘트| 석회| 플라스터 및 그 제품 제조업,2013-11-06,12
해성옵틱스,076610,사진장비 및 광학기기 제조업,2013-11-06,12
내츄럴엔도텍,168330,자연과학 및 공학 연구개발업,2013-10-31,12
현대로템,064350,철도장비 제조업,2013-10-30,12
수프로,185190,산업용 농·축산물 및 동·식물 도매업,2013-10-29,3
테스나,131970,그외 기타 전문| 과학 및 기술 서비스업,2013-10-22,12
파수,150900,소프트웨어 개발 및 공급업,2013-10-18,12
LPK로보틱스,183350,특수 목적용 기계 제조업,2013-10-11,12
엘티씨,170920,기초 화학물질 제조업,2013-10-08,12
지엔씨에너지,119850,전동기| 발전기 및 전기 변환 · 공급 · 제어 장치 제조업,2013-10-02,12
한진칼,180640,항공 여객 운송업,2013-09-16,12
아미코젠,092040,기타 식품 제조업,2013-09-12,12
엔에이치엔,181710,소프트웨어 개발 및 공급업,2013-08-29,12
GH신소재,130500,기타 섬유제품 제조업,2013-08-02,12
파이오링크,170790,통신 및 방송 장비 제조업,2013-08-01,12
KG ETS,151860,폐기물 처리업,2013-07-24,12
JB금융지주,175330,기타 금융업,2013-07-18,12
나스미디어,089600,광고업,2013-07-17,12
하이골드12호,172580,운송장비 임대업,2013-07-12,12
대주이엔티,114920,1차 철강 제조업,2013-07-01,12
비나텍,126340,전자부품 제조업,2013-07-01,12
에스에이티이엔지,158300,특수 목적용 기계 제조업,2013-07-01,12
에스엔피제네틱스,086460,자연과학 및 공학 연구개발업,2013-07-01,12
에프앤가이드,064850,금융 지원 서비스업,2013-07-01,12
옐로페이,179720,소프트웨어 개발 및 공급업,2013-07-01,12
이엔드디,101360,기타 화학제품 제조업,2013-07-01,12
태양기계,116100,자동차 신품 부품 제조업,2013-07-01,12
엑세스바이오,950130,의료용품 및 기타 의약 관련제품 제조업,2013-05-30,12
DSR,155660,1차 비철금속 제조업,2013-05-15,12
레고켐바이오,141080,자연과학 및 공학 연구개발업,2013-05-10,12
한국패러랠,168490,신탁업 및 집합투자업,2013-04-19,3
동아에스티,170900,의약품 제조업,2013-04-08,12
스타모빌리티,158310,특수 목적용 기계 제조업,2013-04-03,12
윈팩,097800,반도체 제조업,2013-03-07,12
코렌텍,104540,의료용 기기 제조업,2013-03-05,12
제로투세븐,159580,생활용품 도매업,2013-02-19,12
아이원스,114810,특수 목적용 기계 제조업,2013-02-07,12
우리이앤엘,153490,반도체 제조업,2013-02-05,12
아이센스,099190,의료용 기기 제조업,2013-01-30,12
포티스,141020,무점포 소매업,2013-01-29,12
스킨앤스킨,159910,기타 화학제품 제조업,2012-12-27,12
SBI핀테크솔루션즈,950110,소프트웨어 개발 및 공급업,2012-12-17,3
우리로,046970,기타 전문 도매업,2012-11-27,12
디젠스,113810,자동차 신품 부품 제조업,2012-11-22,12
지엠비코리아,013870,자동차 신품 부품 제조업,2012-11-20,12
맥스로텍,141070,특수 목적용 기계 제조업,2012-11-16,12
와이엠씨,155650,전자부품 제조업,2012-11-15,12
LG헬로비전,037560,텔레비전 방송업,2012-11-09,12
아바텍,149950,전자부품 제조업,2012-11-06,12
동일고무벨트,163560,고무제품 제조업,2012-10-19,12
한국콜마,161890,기타 화학제품 제조업,2012-10-19,12
한국타이어앤테크놀로지,161390,고무제품 제조업,2012-10-04,12
코이즈,121850,플라스틱제품 제조업,2012-09-27,12
모다,149940,통신 및 방송 장비 제조업,2012-09-25,12
애경유화,161000,기초 화학물질 제조업,2012-09-17,12
나노스,151910,전자부품 제조업,2012-08-02,12
SK렌터카,068400,운송장비 임대업,2012-07-27,12
엠씨넥스,097520,영상 및 음향기기 제조업,2012-07-25,12
네이블커뮤니케이션즈,153460,소프트웨어 개발 및 공급업,2012-07-19,12
디지탈옵틱,106520,사진장비 및 광학기기 제조업,2012-07-13,12
피엔티,137400,특수 목적용 기계 제조업,2012-07-06,12
바다로19호,155900,운송장비 임대업,2012-06-29,12
사조씨푸드,014710,수산물 가공 및 저장 처리업,2012-06-29,12
비아트론,141000,특수 목적용 기계 제조업,2012-05-04,12
하이골드3호,153360,운송장비 임대업,2012-05-04,12
코오롱머티리얼,144620,화학섬유 제조업,2012-04-05,12
빛샘전자,072950,전자부품 제조업,2012-03-21,12
한국ANKOR유전,152550,신탁업 및 집합투자업,2012-03-08,3
휴비스,079980,화학섬유 제조업,2012-02-23,12
사람인에이치알,143240,자료처리| 호스팅| 포털 및 기타 인터넷 정보매개 서비스업,2012-02-21,12
뉴로스,126870,일반 목적용 기계 제조업,2012-02-15,12
제룡산업,147830,구조용 금속제품| 탱크 및 증기발생기 제조업,2012-02-13,12
남화토건,091590,건물 건설업,2012-01-31,12
케이탑리츠,145270,부동산 임대 및 공급업,2012-01-31,12
메지온,140410,자연과학 및 공학 연구개발업,2012-01-20,12
원익머트리얼즈,104830,기초 화학물질 제조업,2011-12-28,12
디엔에이링크,127120,자연과학 및 공학 연구개발업,2011-12-26,12
GS리테일,007070,종합 소매업,2011-12-23,12
나이스디앤비,130580,기타 사업지원 서비스업,2011-12-22,12
시큐브,131090,소프트웨어 개발 및 공급업,2011-12-21,12
서암기계공업,100660,일반 목적용 기계 제조업,2011-12-19,12
인터지스,129260,도로 화물 운송업,2011-12-16,12
씨유메디칼,115480,의료용 기기 제조업,2011-12-15,12
삼양사,145990,기타 식품 제조업,2011-12-05,12
키네마스터,139670,소프트웨어 개발 및 공급업,2011-12-02,12
비덴트,121800,통신 및 방송 장비 제조업,2011-12-01,12
에스에프씨,112240,플라스틱제품 제조업,2011-11-30,12
신진에스엠,138070,기타 금속 가공제품 제조업,2011-11-28,12
이엠넷,123570,광고업,2011-11-25,12
와이지엔터테인먼트,122870,오디오물 출판 및 원판 녹음업,2011-11-23,12
쎄미시스코,136510,특수 목적용 기계 제조업,2011-11-18,12
에이티세미콘,089530,반도체 제조업,2011-11-11,12
테크윙,089030,특수 목적용 기계 제조업,2011-11-10,12
씨큐브,101240,기초 화학물질 제조업,2011-11-08,12
에스엠코어,007820,일반 목적용 기계 제조업,2011-11-08,12
씨엔플러스,115530,전자부품 제조업,2011-11-02,12
하나투어,039130,여행사 및 기타 여행보조 서비스업,2011-11-01,12
케이맥,043290,특수 목적용 기계 제조업,2011-10-25,12
로보스타,090360,특수 목적용 기계 제조업,2011-10-17,12
대한과학,131220,기계장비 및 관련 물품 도매업,2011-10-11,12
피앤이솔루션,131390,전동기| 발전기 및 전기 변환 · 공급 · 제어 장치 제조업,2011-09-27,12
아이디스,143160,통신 및 방송 장비 제조업,2011-09-26,12
에이블씨엔씨,078520,기타 화학제품 제조업,2011-09-07,12
화진,134780,자동차 신품 부품 제조업,2011-08-10,12
제이씨케미칼,137950,기타 화학제품 제조업,2011-08-08,12
아이씨디,040910,특수 목적용 기계 제조업,2011-08-05,12
제닉,123330,기타 화학제품 제조업,2011-08-03,12
데일리블록체인,139050,컴퓨터 프로그래밍| 시스템 통합 및 관리업,2011-07-29,12
삼원강재,023000,자동차 신품 부품 제조업,2011-07-22,12
상아프론테크,089980,플라스틱제품 제조업,2011-07-21,12
신세계인터내셔날,031430,섬유| 의복| 신발 및 가죽제품 소매업,2011-07-14,12
에이리츠,140910,부동산 임대 및 공급업,2011-07-14,12
나이벡,138610,의료용품 및 기타 의약 관련제품 제조업,2011-07-13,12
옵티시스,109080,통신 및 방송 장비 제조업,2011-07-12,12
대양전기공업,108380,선박 및 보트 건조업,2011-07-08,12
한국항공우주,047810,항공기|우주선 및 부품 제조업,2011-06-30,12
롯데하이마트,071840,가전제품 및 정보통신장비 소매업,2011-06-29,12
서연탑메탈,019770,특수 목적용 기계 제조업,2011-06-24,12
한세엠케이,069640,섬유| 의복| 신발 및 가죽제품 소매업,2011-06-21,12
코오롱플라스틱,138490,합성고무 및 플라스틱 물질 제조업,2011-06-15,12
넥스트아이,137940,측정| 시험| 항해| 제어 및 기타 정밀기기 제조업; 광학기기 제외,2011-06-14,12
스카이이앤엠,131100,상품 종합 도매업,2011-06-14,6
이마트,139480,종합 소매업,2011-06-10,12
DGB금융지주,139130,기타 금융업,2011-06-07,12
케이티스카이라이프,053210,텔레비전 방송업,2011-06-03,12
엘아이에스,138690,특수 목적용 기계 제조업,2011-06-02,12
세아특수강,019440,1차 철강 제조업,2011-06-01,12
KMH,122450,텔레비전 방송업,2011-05-25,12
골프존뉴딘홀딩스,121440,상품 중개업,2011-05-20,12
메리츠금융지주,138040,기타 금융업,2011-05-13,12
윈스,136540,컴퓨터 프로그래밍| 시스템 통합 및 관리업,2011-05-02,12
하림,136480,도축| 육류 가공 및 저장 처리업,2011-05-02,12
한국종합기술,023350,건축기술| 엔지니어링 및 관련 기술 서비스업,2011-04-28,12
이퓨쳐,134060,서적| 잡지 및 기타 인쇄물 출판업,2011-04-27,12
티케이케미칼,104480,화학섬유 제조업,2011-04-26,12
BNK금융지주,138930,기타 금융업,2011-03-30,12
일진머티리얼즈,020150,전자부품 제조업,2011-03-04,12
부스타,008470,구조용 금속제품| 탱크 및 증기발생기 제조업,2011-02-23,12
현대위아,011210,자동차 신품 부품 제조업,2011-02-21,12
선진,136490,동물용 사료 및 조제식품 제조업,2011-02-16,12
미원화학,134380,기타 화학제품 제조업,2011-02-15,12
나노신소재,121600,기타 화학제품 제조업,2011-02-09,12
케이아이엔엑스,093320,자료처리| 호스팅| 포털 및 기타 인터넷 정보매개 서비스업,2011-02-08,12
티피씨글로벌,130740,자동차 신품 부품 제조업,2011-02-08,12
딜리,131180,컴퓨터 및 주변장치 제조업,2011-01-31,12
엘비세미콘,061970,반도체 제조업,2011-01-31,12
제이엔케이히터,126880,일반 목적용 기계 제조업,2011-01-31,12
블루콤,033560,영상 및 음향기기 제조업,2011-01-26,12
인트론바이오,048530,기초 의약물질 및 생물학적 제제 제조업,2011-01-26,12
시디즈,134790,가구 제조업,2011-01-25,12
다나와,119860,소프트웨어 개발 및 공급업,2011-01-24,12
알서포트,131370,소프트웨어 개발 및 공급업,2011-01-05,12
인텍플러스,064290,특수 목적용 기계 제조업,2011-01-05,12
티에스이,131290,측정| 시험| 항해| 제어 및 기타 정밀기기 제조업; 광학기기 제외,2011-01-05,12
HSD엔진,082740,일반 목적용 기계 제조업,2011-01-04,12
액트,131400,전자부품 제조업,2010-12-27,12
대성에너지,117580,연료용 가스 제조 및 배관공급업,2010-12-24,12
현대에이치씨엔,126560,텔레비전 방송업,2010-12-23,12
대정화금,120240,기초 화학물질 제조업,2010-12-20,12
KTis,058860,기타 정보 서비스업,2010-12-17,12
한전산업,130660,건축기술| 엔지니어링 및 관련 기술 서비스업,2010-12-16,12
피제이메탈,128660,1차 비철금속 제조업,2010-12-13,12
디에이치피코리아,131030,의약품 제조업,2010-12-03,12
에이루트,096690,컴퓨터 및 주변장치 제조업,2010-12-01,12
엘브이엠씨,900140,자동차 판매업,2010-11-30,12
티비씨,033830,텔레비전 방송업,2010-11-29,12
시그네틱스,033170,반도체 제조업,2010-11-26,12
한국전자인증,041460,소프트웨어 개발 및 공급업,2010-11-19,12
디케이락,105740,일반 목적용 기계 제조업,2010-11-12,12
코프라,126600,합성고무 및 플라스틱 물질 제조업,2010-11-12,12
선데이토즈,123420,소프트웨어 개발 및 공급업,2010-11-10,12
삼본전자,111870,영상 및 음향기기 제조업,2010-11-05,12
아나패스,123860,반도체 제조업,2010-11-05,12
KNN,058400,텔레비전 방송업,2010-11-03,12
비케이탑스,030790,컴퓨터 프로그래밍| 시스템 통합 및 관리업,2010-11-02,12
누리플랜,069140,구조용 금속제품| 탱크 및 증기발생기 제조업,2010-10-26,12
아이텍,119830,그외 기타 전문| 과학 및 기술 서비스업,2010-10-26,12
인화정공,101930,선박 및 보트 건조업,2010-10-22,12
코렌,078650,사진장비 및 광학기기 제조업,2010-10-22,12
아이씨케이,068940,전자부품 제조업,2010-10-19,12
한일진공,123840,특수 목적용 기계 제조업,2010-10-05,12
휠라홀딩스,081660,생활용품 도매업,2010-09-28,12
알파홀딩스,117670,반도체 제조업,2010-09-17,12
포메탈,119500,기타 금속 가공제품 제조업,2010-09-17,12
KTcs,058850,기타 정보 서비스업,2010-09-16,12
다원시스,068240,전동기| 발전기 및 전기 변환 · 공급 · 제어 장치 제조업,2010-09-14,12
현대홈쇼핑,057050,무점포 소매업,2010-09-13,12
씨젠,096530,의료용품 및 기타 의약 관련제품 제조업,2010-09-10,12
와이솔,122990,전자부품 제조업,2010-09-10,12
하이비젼시스템,126700,사진장비 및 광학기기 제조업,2010-09-10,12
화신정공,126640,자동차 신품 부품 제조업,2010-08-31,12
코리아에프티,123410,자동차 신품 부품 제조업,2010-08-27,12
도화엔지니어링,002150,건축기술| 엔지니어링 및 관련 기술 서비스업,2010-08-12,12
엠에스오토텍,123040,자동차 신품 부품 제조업,2010-08-06,12
이글루시큐리티,067920,기타 정보 서비스업,2010-08-04,12
대성산업,128820,연료 소매업,2010-07-30,12
아이마켓코리아,122900,상품 종합 도매업,2010-07-30,12
한미약품,128940,의약품 제조업,2010-07-30,12
인터로조,119610,사진장비 및 광학기기 제조업,2010-07-28,12
하이텍팜,106190,기타 전문 도매업,2010-07-28,12
우진,105840,측정| 시험| 항해| 제어 및 기타 정밀기기 제조업; 광학기기 제외,2010-07-26,12
크루셜텍,114120,전자부품 제조업,2010-07-21,12
무학,033920,알코올음료 제조업,2010-07-20,12
에스디시스템,121890,전자부품 제조업,2010-07-16,12
알톤스포츠,123750,그외 기타 운송장비 제조업,2010-07-02,12
웅진에너지,103130,반도체 제조업,2010-06-30,12
유비벨록스,089850,소프트웨어 개발 및 공급업,2010-06-18,12
지와이커머스,111820,기타 정보 서비스업,2010-06-18,12
오르비텍,046120,기타 과학기술 서비스업,2010-06-15,12
이연제약,102460,의약품 제조업,2010-06-10,12
엑스큐어,070300,소프트웨어 개발 및 공급업,2010-06-09,12
실리콘웍스,108320,반도체 제조업,2010-06-08,12
투비소프트,079970,소프트웨어 개발 및 공급업,2010-06-01,12
한국화장품,123690,생활용품 도매업,2010-06-01,12
에스제이엠,123700,자동차 신품 부품 제조업,2010-05-31,12
인피니트헬스케어,071200,소프트웨어 개발 및 공급업,2010-05-26,12
모바일리더,100030,소프트웨어 개발 및 공급업,2010-05-25,12
서진오토모티브,122690,자동차 신품 부품 제조업,2010-05-25,12
한라홀딩스,060980,기타 금융업,2010-05-19,12
삼성생명,032830,보험업,2010-05-12,12
신세계푸드,031440,음식점업,2010-04-29,12
이스트아시아홀딩스,900110,기타 금융업,2010-04-23,12
뉴프라이드,900100,자동차 부품 및 내장품 판매업,2010-04-21,12
케이씨에스,115500,컴퓨터 프로그래밍| 시스템 통합 및 관리업,2010-04-14,12
씨케이에이치,900120,기타 금융업,2010-03-31,6
지트리비앤티,115450,기타 전문 도매업,2010-03-26,12
삼기오토모티브,122350,자동차 신품 부품 제조업,2010-03-19,12
한화생명,088350,보험업,2010-03-17,12
이미지스,115610,반도체 제조업,2010-02-26,12
조선선재,120030,기타 금속 가공제품 제조업,2010-02-19,12
인포바인,115310,전기 통신업,2010-02-09,12
하이소닉,106080,전자부품 제조업,2010-02-09,12
모베이스,101330,통신 및 방송 장비 제조업,2010-02-04,12
지스마트글로벌,114570,반도체 제조업,2010-02-04,12
코오롱인더,120110,화학섬유 제조업,2010-02-01,12
KC코트렐,119650,일반 목적용 기계 제조업,2010-01-29,12
지역난방공사,071320,증기| 냉·온수 및 공기조절 공급업,2010-01-29,12
락앤락,115390,플라스틱제품 제조업,2010-01-28,12
스타플렉스,115570,플라스틱제품 제조업,2010-01-27,12
우리넷,115440,통신 및 방송 장비 제조업,2010-01-27,12
아세아텍,050860,특수 목적용 기계 제조업,2010-01-26,6
영흥,012160,1차 철강 제조업,2010-01-25,12
우노앤컴퍼니,114630,화학섬유 제조업,2010-01-15,12
코디,080530,기타 화학제품 제조업,2010-01-05,12
우리들휴브레인,118000,기계장비 및 관련 물품 도매업,2009-12-30,12
글로벌에스엠,900070,기타 금융업,2009-12-23,12
ITX엠투엠,099520,영상 및 음향기기 제조업,2009-12-22,12
KPX생명과학,114450,기초 의약물질 및 생물학적 제제 제조업,2009-12-22,12
디와이피엔에프,104460,일반 목적용 기계 제조업,2009-12-22,12
멜파스,096640,전자부품 제조업,2009-12-18,12
위메이드,112040,소프트웨어 개발 및 공급업,2009-12-18,12
한전기술,052690,건축기술| 엔지니어링 및 관련 기술 서비스업,2009-12-14,12
셀바스AI,108860,소프트웨어 개발 및 공급업,2009-12-10,12
에스앤씨엔진그룹,900080,기타 금융업,2009-12-04,12
이원컴포텍,088290,자동차 신품 부품 제조업,2009-12-01,12
강원,114190,구조용 금속제품| 탱크 및 증기발생기 제조업,2009-11-20,12
GKL,114090,유원지 및 기타 오락관련 서비스업,2009-11-19,12
휴맥스,115160,영상 및 음향기기 제조업,2009-11-16,12
에이프로젠 H&G,109960,기타 전문 도매업,2009-11-13,12
SK,034730,기타 금융업,2009-11-11,12
동방선기,099410,선박 및 보트 건조업,2009-11-10,12
상상인인더스트리,101000,특수 목적용 기계 제조업,2009-11-06,12
진매트릭스,109820,자연과학 및 공학 연구개발업,2009-11-06,12
황금에스티,032560,1차 비철금속 제조업,2009-10-29,12
비츠로셀,082920,일차전지 및 축전지 제조업,2009-10-28,12
하이트진로,000080,알코올음료 제조업,2009-10-19,12
한스바이오메드,042520,의료용품 및 기타 의약 관련제품 제조업,2009-10-09,9
동양생명,082640,보험업,2009-10-08,12
NHN벅스,104200,소프트웨어 개발 및 공급업,2009-10-06,12
아이앤씨,052860,반도체 제조업,2009-10-06,12
유니온머티리얼,047400,내화| 비내화 요업제품 제조업,2009-09-29,12
케이엔더블유,105330,전자부품 제조업,2009-09-29,12
형지엘리트,093240,봉제의복 제조업,2009-09-28,6
디에스케이,109740,특수 목적용 기계 제조업,2009-09-23,12
제넥신,095700,자연과학 및 공학 연구개발업,2009-09-15,12
톱텍,108230,특수 목적용 기계 제조업,2009-09-15,12
동국S&C,100130,구조용 금속제품| 탱크 및 증기발생기 제조업,2009-08-31,12
에스앤더블류,103230,일반 목적용 기계 제조업,2009-08-05,12
키움증권,039490,금융 지원 서비스업,2009-08-03,12
게임빌,063080,소프트웨어 개발 및 공급업,2009-07-30,12
영원무역,111770,상품 종합 도매업,2009-07-30,12
동일금속,109860,금속 주조업,2009-07-28,12
아주캐피탈,033660,기타 금융업,2009-06-25,12
한미글로벌,053690,건축기술| 엔지니어링 및 관련 기술 서비스업,2009-06-23,12
동아지질,028100,기반조성 및 시설물 축조관련 전문공사업,2009-06-12,12
어보브반도체,102120,반도체 제조업,2009-06-05,12
조이맥스,101730,소프트웨어 개발 및 공급업,2009-06-03,12
차이나그레이트,900040,기타 금융업,2009-05-29,12
이엔에프테크놀로지,102710,기타 화학제품 제조업,2009-05-28,12
스맥,099440,특수 목적용 기계 제조업,2009-05-26,12
해덕파워웨이,102210,선박 및 보트 건조업,2009-05-21,12
SDN,099220,기계장비 및 관련 물품 도매업,2009-05-19,12
한국정밀기계,101680,특수 목적용 기계 제조업,2009-05-19,12
STX중공업,071970,일반 목적용 기계 제조업,2009-05-15,12
흥국,010240,특수 목적용 기계 제조업,2009-05-12,12
우림기계,101170,일반 목적용 기계 제조업,2009-04-28,12
티플랙스,081150,기타 금속 가공제품 제조업,2009-04-23,12
LG하우시스,108670,플라스틱제품 제조업,2009-04-20,12
에스티오,098660,봉제의복 제조업,2009-04-17,12
에이테크솔루션,071670,특수 목적용 기계 제조업,2009-04-17,12
에스앤에스텍,101490,전자부품 제조업,2009-04-14,12
뷰웍스,100120,의료용 기기 제조업,2009-04-10,12
코오롱생명과학,102940,기초 의약물질 및 생물학적 제제 제조업,2009-04-07,12
엔시트론,101400,반도체 제조업,2009-03-31,12
한세실업,105630,봉제의복 제조업,2009-03-20,12
컨버즈,109070,골판지| 종이 상자 및 종이용기 제조업,2009-03-17,12
파인테크닉스,106240,통신 및 방송 장비 제조업,2009-03-16,12
미원홀딩스,107590,기타 금융업,2009-03-02,12
이수앱지스,086890,의료용품 및 기타 의약 관련제품 제조업,2009-02-03,12
대성파인텍,104040,자동차 신품 부품 제조업,2009-01-23,12
유비쿼스홀딩스,078070,통신 및 방송 장비 제조업,2009-01-23,12
메디톡스,086900,기초 의약물질 및 생물학적 제제 제조업,2009-01-16,12
엠게임,058630,소프트웨어 개발 및 공급업,2008-12-19,12
아이컴포넌트,059100,전자부품 제조업,2008-12-16,12
NAVER,035420,자료처리| 호스팅| 포털 및 기타 인터넷 정보매개 서비스업,2008-11-28,12
에이치엘비생명과학,067630,건축기술| 엔지니어링 및 관련 기술 서비스업,2008-11-25,12
이크레더블,092130,기타 정보 서비스업,2008-10-24,12
부국철강,026940,1차 철강 제조업,2008-10-14,12
KB금융,105560,기타 금융업,2008-10-10,12
세운메디칼,100700,의료용품 및 기타 의약 관련제품 제조업,2008-09-30,12
한국철강,104700,1차 철강 제조업,2008-09-29,12
마이크로컨텍솔,098120,전자부품 제조업,2008-09-23,12
이엠앤아이,083470,플라스틱제품 제조업,2008-09-18,12
삼강엠앤티,100090,1차 철강 제조업,2008-08-01,12
일진전기,103590,절연선 및 케이블 제조업,2008-08-01,12
풍산,103140,1차 비철금속 제조업,2008-07-30,12
LG이노텍,011070,전자부품 제조업,2008-07-24,12
아이엠,101390,전자부품 제조업,2008-07-23,12
웰크론한텍,076080,건물 건설업,2008-07-18,12
코리아에스이,101670,구조용 금속제품| 탱크 및 증기발생기 제조업,2008-07-15,12
슈프리마에이치큐,094840,통신 및 방송 장비 제조업,2008-07-11,12
명문제약,017180,의약품 제조업,2008-07-10,12
서울옥션,063170,상품 중개업,2008-07-01,12
이스트소프트,047560,소프트웨어 개발 및 공급업,2008-07-01,12
비상교육,100220,서적| 잡지 및 기타 인쇄물 출판업,2008-06-30,12
청담러닝,096240,일반 교습 학원,2008-06-27,12
동성코퍼레이션,102260,회사 본부 및 경영 컨설팅 서비스업,2008-06-23,12
월덱스,101160,전자부품 제조업,2008-06-19,12
쎄트렉아이,099320,항공기|우주선 및 부품 제조업,2008-06-13,12
쌍방울,102280,봉제의복 제조업,2008-06-10,12
브리지텍,064480,소프트웨어 개발 및 공급업,2008-06-04,12
고영,098460,특수 목적용 기계 제조업,2008-06-03,12
조이시티,067000,소프트웨어 개발 및 공급업,2008-05-30,12
우진비앤지,018620,의약품 제조업,2008-05-20,12
테스,095610,특수 목적용 기계 제조업,2008-05-20,12
예스24,053280,무점포 소매업,2008-05-07,12
엘디티,096870,반도체 제조업,2008-05-02,12
LG유플러스,032640,전기 통신업,2008-04-21,12
메타바이오메드,059210,의료용품 및 기타 의약 관련제품 제조업,2008-04-15,12
효성오앤비,097870,비료| 농약 및 살균| 살충제 제조업,2008-04-08,6
에스모 머티리얼즈,087730,합성고무 및 플라스틱 물질 제조업,2008-04-04,12
비티원,101140,생활용품 도매업,2008-04-02,12
아시아나항공,020560,항공 여객 운송업,2008-03-28,12
SBS미디어홀딩스,101060,텔레비전 방송업,2008-03-24,12
S&TC,100840,일반 목적용 기계 제조업,2008-02-22,12
진양홀딩스,100250,플라스틱제품 제조업,2008-02-15,12
텔레필드,091440,통신 및 방송 장비 제조업,2008-02-01,12
하나니켈1호,099340,신탁업 및 집합투자업,2008-02-01,2
하나니켈2호,099350,신탁업 및 집합투자업,2008-02-01,2
이트론,096040,기타 전문 도매업,2008-01-25,12
엔케이,085310,구조용 금속제품| 탱크 및 증기발생기 제조업,2008-01-24,12
에스맥,097780,통신 및 방송 장비 제조업,2008-01-23,12
에스코넥,096630,통신 및 방송 장비 제조업,2007-12-26,12
일신바이오,068330,일반 목적용 기계 제조업,2007-12-26,12
서원인텍,093920,통신 및 방송 장비 제조업,2007-12-20,12
이씨에스,067010,컴퓨터 프로그래밍| 시스템 통합 및 관리업,2007-12-18,3
대창솔루션,096350,구조용 금속제품| 탱크 및 증기발생기 제조업,2007-12-17,12
한전KPS,051600,전기 및 통신 공사업,2007-12-14,12
아이에스이커머스,069920,무점포 소매업,2007-12-05,12
알에프세미,096610,반도체 제조업,2007-11-20,12
디엔에프,092070,기타 화학제품 제조업,2007-11-16,12
일진파워,094820,전기 및 통신 공사업,2007-11-06,12
비엠티,086670,일반 목적용 기계 제조업,2007-11-02,12
이아이디,093230,기타 전문 도매업,2007-11-01,12
기신정기,092440,특수 목적용 기계 제조업,2007-10-30,3
이엘케이,094190,전자부품 제조업,2007-10-29,12
이엠코리아,095190,특수 목적용 기계 제조업,2007-10-29,12
KSS해운,044450,해상 운송업,2007-10-26,12
효성 ITX,094280,기타 사업지원 서비스업,2007-10-25,12
현우산업,092300,전자부품 제조업,2007-10-24,12
유나이티드,033270,의약품 제조업,2007-10-23,12
다믈멀티미디어,093640,반도체 제조업,2007-10-19,12
디아이씨,092200,자동차 신품 부품 제조업,2007-10-18,12
에스에너지,095910,전동기| 발전기 및 전기 변환 · 공급 · 제어 장치 제조업,2007-10-16,12
성우전자,081580,통신 및 방송 장비 제조업,2007-10-12,12
엘엠에스,073110,전자부품 제조업,2007-10-12,12
제이엠티,094970,전자부품 제조업,2007-10-12,12
오디텍,080520,반도체 제조업,2007-10-08,12
ISC,095340,전자부품 제조업,2007-10-01,12
네오티스,085910,자동차 신품 부품 제조업,2007-10-01,12
미래나노텍,095500,플라스틱제품 제조업,2007-10-01,12
상보,027580,플라스틱제품 제조업,2007-10-01,12
CJ제일제당,097950,기타 식품 제조업,2007-09-28,12
바이오톡스텍,086040,자연과학 및 공학 연구개발업,2007-09-21,12
팬오션,028670,해상 운송업,2007-09-21,12
연이정보통신,090740,전자부품 제조업,2007-09-19,12
옴니시스템,057540,측정| 시험| 항해| 제어 및 기타 정밀기기 제조업; 광학기기 제외,2007-09-19,12
푸른기술,094940,컴퓨터 및 주변장치 제조업,2007-09-14,12
웨이브일렉트로,095270,측정| 시험| 항해| 제어 및 기타 정밀기기 제조업; 광학기기 제외,2007-09-12,12
한진중공업,097230,토목 건설업,2007-08-31,12
빅솔론,093190,컴퓨터 및 주변장치 제조업,2007-08-20,12
JW홀딩스,096760,기타 금융업,2007-07-31,12
S&K폴리텍,091340,전자부품 제조업,2007-07-30,12
SK이노베이션,096770,석유 정제품 제조업,2007-07-25,12
율호,072770,컴퓨터 프로그래밍| 시스템 통합 및 관리업,2007-07-25,12
갤럭시아컴즈,094480,소프트웨어 개발 및 공급업,2007-07-20,12
에코프로,086520,기타 화학제품 제조업,2007-07-20,12
MP그룹,065150,음·식료품 및 담배 도매업,2007-07-18,12
컴투스,078340,소프트웨어 개발 및 공급업,2007-07-06,12
네오위즈,095660,소프트웨어 개발 및 공급업,2007-07-02,12
삼성카드,029780,기타 금융업,2007-06-27,12
앤씨앤,092600,반도체 제조업,2007-06-26,12
엔텔스,069410,소프트웨어 개발 및 공급업,2007-06-20,12
베트남개발1,096300,신탁업 및 집합투자업,2007-06-13,2
알루코,001780,1차 비철금속 제조업,2007-06-07,12
풍강,093380,기타 금속 가공제품 제조업,2007-06-01,8
웅진씽크빅,095720,초등 교육기관,2007-05-31,12
동국제약,086450,의약품 제조업,2007-05-29,12
케이프,064820,선박 및 보트 건조업,2007-05-29,12
상신이디피,091580,일차전지 및 축전지 제조업,2007-05-23,12
한라IMS,092460,선박 및 보트 건조업,2007-05-22,12
에프알텍,073540,통신 및 방송 장비 제조업,2007-05-18,12
이엠텍,091120,전자부품 제조업,2007-05-02,12
참좋은여행,094850,여행사 및 기타 여행보조 서비스업,2007-04-30,12
코닉글로리,094860,소프트웨어 개발 및 공급업,2007-04-16,12
맵스리얼티1,094800,신탁업 및 집합투자업,2007-04-09,12
이베스트투자증권,078020,금융 지원 서비스업,2007-02-21,12
매커스,093520,기계장비 및 관련 물품 도매업,2007-02-12,12
오스템임플란트,048260,의료용 기기 제조업,2007-02-07,12
나노캠텍,091970,플라스틱제품 제조업,2007-01-30,12
네오팜,092730,기타 화학제품 제조업,2007-01-30,12
비에이치,090460,전자부품 제조업,2007-01-26,12
오스코텍,039200,의약품 제조업,2007-01-17,12
켐트로닉스,089010,기타 화학제품 제조업,2007-01-17,12
제이스텍,090470,특수 목적용 기계 제조업,2007-01-10,12
동아엘텍,088130,특수 목적용 기계 제조업,2007-01-03,12
메타랩스,090370,봉제의복 제조업,2006-12-26,12
후성,093370,기초 화학물질 제조업,2006-12-22,12
휴온스글로벌,084110,의약품 제조업,2006-12-19,12
케이씨티,089150,컴퓨터 프로그래밍| 시스템 통합 및 관리업,2006-12-13,12
파트론,091700,전자부품 제조업,2006-12-13,12
유니테스트,086390,특수 목적용 기계 제조업,2006-12-05,12
휴림로봇,090710,특수 목적용 기계 제조업,2006-12-05,12
LF,093050,봉제의복 제조업,2006-12-01,12
에스에이티,060540,측정| 시험| 항해| 제어 및 기타 정밀기기 제조업; 광학기기 제외,2006-11-28,12
큐에스아이,066310,반도체 제조업,2006-11-24,12
멀티캠퍼스,067280,기타 교육기관,2006-11-16,12
주연테크,044380,컴퓨터 및 주변장치 제조업,2006-11-15,12
코스맥스비티아이,044820,기타 금융업,2006-11-13,12
이노와이즈,086250,특수 목적용 기계 제조업,2006-11-10,12
코세스,089890,특수 목적용 기계 제조업,2006-11-08,12
인천도시가스,034590,연료용 가스 제조 및 배관공급업,2006-11-07,12
성창오토텍,080470,자동차 신품 부품 제조업,2006-11-03,12
넥스턴,089140,유리 및 유리제품 제조업,2006-11-01,12
제이티,089790,특수 목적용 기계 제조업,2006-10-27,12
광진윈텍,090150,자동차 신품 부품 제조업,2006-10-20,12
이녹스,088390,그외 기타 운송장비 제조업,2006-10-20,12
삼정펄프,009770,펄프| 종이 및 판지 제조업,2006-10-17,12
KEC,092220,반도체 제조업,2006-10-16,12
KPX홀딩스,092230,기초 화학물질 제조업,2006-10-12,12
THE E&M,089230,기타 정보 서비스업,2006-10-10,12
바텍,043150,의료용 기기 제조업,2006-09-29,12
한컴MDS,086960,소프트웨어 개발 및 공급업,2006-09-26,12
HDC현대EP,089470,기타 화학제품 제조업,2006-09-25,12
루멘스,038060,반도체 제조업,2006-08-08,12
세원셀론텍,091090,구조용 금속제품| 탱크 및 증기발생기 제조업,2006-07-31,12
CSA 코스믹,083660,기타 화학제품 제조업,2006-07-25,12
티엘아이,062860,반도체 제조업,2006-07-25,12
한국전자금융,063570,금융 지원 서비스업,2006-07-14,12
쇼박스,086980,영화| 비디오물| 방송프로그램 제작 및 배급업,2006-07-07,12
팬엔터테인먼트,068050,영화| 비디오물| 방송프로그램 제작 및 배급업,2006-07-07,12
루트로닉,085370,의료용 기기 제조업,2006-07-04,12
인포뱅크,039290,기타 정보 서비스업,2006-07-04,12
노루페인트,090350,기타 화학제품 제조업,2006-07-03,12
아모레퍼시픽,090430,기타 화학제품 제조업,2006-06-29,12
아이오케이,078860,영화| 비디오물| 방송프로그램 제작 및 배급업,2006-06-27,12
동우팜투테이블,088910,도축| 육류 가공 및 저장 처리업,2006-06-23,12
롯데관광개발,032350,여행사 및 기타 여행보조 서비스업,2006-06-08,12
제이브이엠,054950,일반 목적용 기계 제조업,2006-06-07,12
평화산업,090080,자동차 신품 부품 제조업,2006-06-02,12
우진플라임,049800,특수 목적용 기계 제조업,2006-05-24,12
팅크웨어,084730,통신 및 방송 장비 제조업,2006-05-19,12
신세계I&C,035510,컴퓨터 프로그래밍| 시스템 통합 및 관리업,2006-05-18,12
진바이오텍,086060,동물용 사료 및 조제식품 제조업,2006-04-28,12
정산애강,022220,플라스틱제품 제조업,2006-04-11,12
진도,088790,기타 전문 도매업,2006-03-28,12
에이스테크,088800,통신 및 방송 장비 제조업,2006-03-27,12
맥쿼리인프라,088980,신탁업 및 집합투자업,2006-03-15,12
롯데쇼핑,023530,종합 소매업,2006-02-09,12
셀트리온제약,068760,의약품 제조업,2006-02-03,12
GST,083450,특수 목적용 기계 제조업,2006-02-01,12
에너토크,019990,일반 목적용 기계 제조업,2006-02-01,12
제우스,079370,특수 목적용 기계 제조업,2006-02-01,12
한일네트웍스,046110,자료처리| 호스팅| 포털 및 기타 인터넷 정보매개 서비스업,2006-01-20,12
뉴프렉스,085670,전자부품 제조업,2006-01-17,12
유진테크,084370,특수 목적용 기계 제조업,2006-01-17,12
크리스탈,083790,자연과학 및 공학 연구개발업,2006-01-06,12
바이오니아,064550,의료용품 및 기타 의약 관련제품 제조업,2005-12-29,12
헬릭스미스,084990,자연과학 및 공학 연구개발업,2005-12-29,12
인콘,083640,통신 및 방송 장비 제조업,2005-12-27,12
차바이오텍,085660,기초 의약물질 및 생물학적 제제 제조업,2005-12-27,12
현대글로비스,086280,기타 운송관련 서비스업,2005-12-26,12
대봉엘에스,078140,의약품 제조업,2005-12-23,12
와이엔텍,067900,폐기물 처리업,2005-12-23,12
케이엠,083550,기타 섬유제품 제조업,2005-12-20,12
티비에이치글로벌,084870,봉제의복 제조업,2005-12-19,12
수성,084180,일반 목적용 기계 제조업,2005-12-16,12
하나금융지주,086790,기타 금융업,2005-12-12,12
한국코퍼레이션,050540,기타 사업지원 서비스업,2005-12-12,12
제일연마,001560,기타 비금속 광물제품 제조업,2005-12-09,12
모다이노칩,080420,섬유| 의복| 신발 및 가죽제품 소매업,2005-12-06,12
비에이치아이,083650,일반 목적용 기계 제조업,2005-12-02,12
EMW,079190,통신 및 방송 장비 제조업,2005-11-29,12
GV,045890,전구 및 조명장치 제조업,2005-11-28,12
현대리바트,079430,가구 제조업,2005-11-22,12
루미마이크로,082800,반도체 제조업,2005-11-18,12
자연과환경,043910,환경 정화 및 복원업,2005-11-18,12
와토스코리아,079000,플라스틱제품 제조업,2005-11-15,12
대한제강,084010,1차 철강 제조업,2005-10-31,12
인프라웨어,041020,소프트웨어 개발 및 공급업,2005-10-28,12
두올산업,078590,자동차 신품 부품 제조업,2005-10-27,12
서린바이오,038070,기타 전문 도매업,2005-10-25,12
새론오토모티브,075180,자동차 신품 부품 제조업,2005-10-21,12
그린케미칼,083420,기타 화학제품 제조업,2005-10-20,12
가비아,079940,소프트웨어 개발 및 공급업,2005-10-19,12
덕산하이메탈,077360,반도체 제조업,2005-10-14,12
아바코,083930,특수 목적용 기계 제조업,2005-10-11,12
하나마이크론,067310,반도체 제조업,2005-10-11,12
엘오티베큠,083310,특수 목적용 기계 제조업,2005-10-05,12
코스나인,082660,통신 및 방송 장비 제조업,2005-10-05,12
이상네트웍스,080010,상품 중개업,2005-09-30,12
동북아12호선박투자,083370,운송장비 임대업,2005-08-29,12
대상홀딩스,084690,기타 금융업,2005-08-17,12
아리온,058220,통신 및 방송 장비 제조업,2005-08-05,12
코아스,071950,가구 제조업,2005-08-04,12
메디포스트,078160,기초 의약물질 및 생물학적 제제 제조업,2005-07-29,12
우리바이오,082850,전구 및 조명장치 제조업,2005-07-29,12
모두투어,080160,여행사 및 기타 여행보조 서비스업,2005-07-26,12
이월드,084680,유원지 및 기타 오락관련 서비스업,2005-07-26,12
동양고속,084670,육상 여객 운송업,2005-07-25,12
한미반도체,042700,특수 목적용 기계 제조업,2005-07-22,12
가온미디어,078890,통신 및 방송 장비 제조업,2005-07-12,12
쏠리드,050890,통신 및 방송 장비 제조업,2005-07-08,12
동일산업,004890,1차 철강 제조업,2005-06-30,12
옵트론텍,082210,사진장비 및 광학기기 제조업,2005-06-24,12
젬백스,082270,특수 목적용 기계 제조업,2005-06-24,12
플랜티넷,075130,컴퓨터 프로그래밍| 시스템 통합 및 관리업,2005-06-10,12
에스제이케이,080440,기타 전문 도매업,2005-05-13,12
삼호개발,010960,기반조성 및 시설물 축조관련 전문공사업,2005-05-12,12
금호타이어,073240,고무제품 제조업,2005-02-17,12
이노와이어리스,073490,통신 및 방송 장비 제조업,2005-02-04,12
인베니아,079950,특수 목적용 기계 제조업,2005-02-04,12
동양이엔피,079960,전동기| 발전기 및 전기 변환 · 공급 · 제어 장치 제조업,2005-02-01,12
제주반도체,080220,반도체 제조업,2005-02-01,12
한창산업,079170,1차 비철금속 제조업,2005-02-01,12
디이엔티,079810,특수 목적용 기계 제조업,2005-01-26,12
에스엔유,080000,특수 목적용 기계 제조업,2005-01-25,12
iMBC,052220,자료처리| 호스팅| 포털 및 기타 인터넷 정보매개 서비스업,2005-01-21,12
서산,079650,시멘트| 석회| 플라스터 및 그 제품 제조업,2005-01-21,12
KMH하이텍,052900,플라스틱제품 제조업,2005-01-18,12
손오공,066910,기타 전문 도매업,2005-01-07,12
미래컴퍼니,049950,특수 목적용 기계 제조업,2005-01-04,12
아이크래프트,052460,컴퓨터 프로그래밍| 시스템 통합 및 관리업,2005-01-03,12
CJ CGV,079160,영화| 비디오물| 방송프로그램 제작 및 배급업,2004-12-24,12
일진다이아,081000,기타 화학제품 제조업,2004-12-22,12
메가스터디,072870,서적| 잡지 및 기타 인쇄물 출판업,2004-12-21,12
케이에스피,073010,일반 목적용 기계 제조업,2004-12-17,12
KG모빌리언스,046440,소프트웨어 개발 및 공급업,2004-12-14,12
대주전자재료,078600,전자부품 제조업,2004-12-10,12
텔레칩스,054450,반도체 제조업,2004-12-10,12
HB테크놀러지,078150,특수 목적용 기계 제조업,2004-12-08,12
도이치모터스,067990,자동차 판매업,2004-12-03,12
유니드,014830,기초 화학물질 제조업,2004-12-03,12
토비스,051360,영상 및 음향기기 제조업,2004-11-19,12
제넨바이오,072520,폐기물 처리업,2004-10-29,12
상신브레이크,041650,자동차 신품 부품 제조업,2004-10-27,12
국일제지,078130,기타 종이 및 판지 제품 제조업,2004-10-22,12
DMS,068790,특수 목적용 기계 제조업,2004-10-01,12
인팩,023810,자동차 신품 부품 제조업,2004-09-21,12
코드네이처,078940,전기 및 통신 공사업,2004-08-27,12
시너지이노베이션,048870,의료용 기기 제조업,2004-08-13,12
신성델타테크,065350,가정용 기기 제조업,2004-08-06,12
GS,078930,기타 금융업,2004-08-05,12
유니퀘스트,077500,기계장비 및 관련 물품 도매업,2004-08-05,12
다스코,058730,구조용 금속제품| 탱크 및 증기발생기 제조업,2004-08-02,12
한국경제TV,039340,텔레비전 방송업,2004-07-30,12
LG디스플레이,034220,전자부품 제조업,2004-07-23,12
다날,064260,소프트웨어 개발 및 공급업,2004-07-23,12
텔코웨어,078000,자료처리| 호스팅| 포털 및 기타 인터넷 정보매개 서비스업,2004-07-20,12
형지I&C,011080,봉제의복 제조업,2004-07-02,12
휘닉스소재,050090,전자부품 제조업,2004-06-29,12
코엔텍,029960,폐기물 처리업,2004-06-18,12
YBM넷,057030,교육지원 서비스업,2004-06-08,12
CS,065770,통신 및 방송 장비 제조업,2004-06-04,12
아미노로직스,074430,기타 전문 도매업,2004-06-04,12
테라젠이텍스,066700,의약품 제조업,2004-05-27,12
디에이피,066900,전자부품 제조업,2004-05-14,12
한양디지텍,078350,반도체 제조업,2004-05-14,12
STX엔진,077970,일반 목적용 기계 제조업,2004-05-10,12
동국알앤에스,075970,기타 비금속 광물제품 제조업,2004-02-13,12
라이트론,069540,통신 및 방송 장비 제조업,2004-02-13,12
듀오백,073190,가구 제조업,2004-02-06,12
삼진엘앤디,054090,그외 기타 제품 제조업,2004-02-06,12
에스텍파마,041910,의약품 제조업,2004-02-06,12
NICE,034310,회사 본부 및 경영 컨설팅 서비스업,2004-02-04,12
대교,019680,초등 교육기관,2004-02-03,12
에스모,073070,자동차 신품 부품 제조업,2004-01-28,12
한류타임즈,039670,서적| 잡지 및 기타 인쇄물 출판업,2004-01-16,3
세진티에스,067770,전자부품 제조업,2004-01-09,12
한솔인티큐브,070590,컴퓨터 프로그래밍| 시스템 통합 및 관리업,2004-01-08,12
WI,073570,특수 목적용 기계 제조업,2004-01-06,12
삼원테크,073640,기타 금속 가공제품 제조업,2004-01-06,12
우주일렉트로,065680,전자부품 제조업,2004-01-02,12
필로시스헬스케어,057880,섬유| 의복| 신발 및 가죽제품 소매업,2003-12-29,12
기업은행,024110,은행 및 저축기관,2003-12-24,12
이엔플러스,074610,일반 목적용 기계 제조업,2003-12-23,12
드림어스컴퍼니,060570,기타 전문 도매업,2003-12-19,12
버킷스튜디오,066410,영화| 비디오물| 방송프로그램 제작 및 배급업,2003-12-19,12
아프리카TV,067160,소프트웨어 개발 및 공급업,2003-12-19,12
원익QnC,074600,유리 및 유리제품 제조업,2003-12-12,12
로체시스템즈,071280,특수 목적용 기계 제조업,2003-11-14,12
에버다임,041440,특수 목적용 기계 제조업,2003-11-14,12
에스텍,069510,영상 및 음향기기 제조업,2003-11-14,12
오텍,067170,자동차 재제조 부품 제조업,2003-11-14,12
키이스트,054780,영화| 비디오물| 방송프로그램 제작 및 배급업,2003-11-14,12
한솔홈데코,025750,제재 및 목재 가공업,2003-11-04,12
중앙백신,072020,기초 의약물질 및 생물학적 제제 제조업,2003-10-31,12
휴비츠,065510,의료용 기기 제조업,2003-10-31,12
우리산업홀딩스,072470,자동차 신품 부품 제조업,2003-10-28,12
디지털대성,068930,일반 교습 학원,2003-10-17,12
코스온,069110,기타 화학제품 제조업,2003-10-14,12
이수페타시스,007660,전자부품 제조업,2003-10-07,12
강원랜드,035250,유원지 및 기타 오락관련 서비스업,2003-09-04,12
유아이디,069330,전자부품 제조업,2003-08-18,12
티씨케이,064760,기타 비금속 광물제품 제조업,2003-08-18,12
YG PLUS,037270,자료처리| 호스팅| 포털 및 기타 인터넷 정보매개 서비스업,2003-08-01,12
아모텍,052710,전자부품 제조업,2003-08-01,12
농심홀딩스,072710,기타 금융업,2003-07-30,12
웰크론,065950,직물직조 및 직물제품 제조업,2003-07-29,12
파워로직스,047310,전동기| 발전기 및 전기 변환 · 공급 · 제어 장치 제조업,2003-07-25,12
한국금융지주,071050,기타 금융업,2003-07-21,12
네스엠,056000,소프트웨어 개발 및 공급업,2003-07-11,12
이라이콤,041520,상품 중개업,2003-07-04,12
녹원씨엔아이,065560,인쇄 및 인쇄관련 산업,2003-07-01,12
유엔젤,072130,자료처리| 호스팅| 포털 및 기타 인터넷 정보매개 서비스업,2003-07-01,12
SBS,034120,텔레비전 방송업,2003-06-25,12
홈캐스트,064240,영상 및 음향기기 제조업,2003-06-11,12
씨씨에스,066790,텔레비전 방송업,2003-05-30,12
웹젠,069080,소프트웨어 개발 및 공급업,2003-05-23,12
엔씨소프트,036570,소프트웨어 개발 및 공급업,2003-05-22,12
하이스틸,071090,1차 철강 제조업,2003-02-17,12
대화제약,067080,의약품 제조업,2003-02-14,12
우수AMS,066590,자동차 신품 부품 제조업,2003-02-12,12
JW신약,067290,의약품 제조업,2003-02-11,12
하츠,066130,가정용 기기 제조업,2003-02-11,12
SBS콘텐츠허브,046140,영화| 비디오물| 방송프로그램 제작 및 배급업,2003-02-05,12
빅텍,065450,측정| 시험| 항해| 제어 및 기타 정밀기기 제조업; 광학기기 제외,2003-02-05,12
탑엔지니어링,065130,특수 목적용 기계 제조업,2003-01-29,12
DSR제강,069730,1차 철강 제조업,2003-01-28,12
이루온,065440,소프트웨어 개발 및 공급업,2003-01-28,12
태경케미컬,006890,기초 화학물질 제조업,2003-01-28,12
재영솔루텍,049630,사진장비 및 광학기기 제조업,2003-01-24,12
한국큐빅,021650,플라스틱제품 제조업,2003-01-24,12
인터플렉스,051370,전자부품 제조업,2003-01-22,12
메디프론,065650,기계장비 및 관련 물품 도매업,2003-01-21,12
삼영이엔씨,065570,통신 및 방송 장비 제조업,2003-01-21,12
브레인콘텐츠,066980,기타 정보 서비스업,2003-01-17,12
리더스코스메틱,016100,기타 화학제품 제조업,2003-01-15,12
한농화성,011500,기타 화학제품 제조업,2003-01-09,12
바이오빌,065940,기초 화학물질 제조업,2003-01-07,12
케이피엠테크,042040,기타 화학제품 제조업,2003-01-07,12
엘앤에프,066970,일차전지 및 축전지 제조업,2003-01-02,12
디스플레이텍,066670,전자부품 제조업,2002-12-30,12
와이오엠,066430,기타 전문 도매업,2002-12-24,12
초록뱀,047820,영화| 비디오물| 방송프로그램 제작 및 배급업,2002-12-24,12
에프앤리퍼블릭,064090,상품 종합 도매업,2002-12-17,12
쎌바이오텍,049960,기초 의약물질 및 생물학적 제제 제조업,2002-12-13,12
NE능률,053290,서적| 잡지 및 기타 인쇄물 출판업,2002-12-10,12
바른전자,064520,반도체 제조업,2002-12-04,12
현대백화점,069960,종합 소매업,2002-11-25,12
KG이니시스,035600,소프트웨어 개발 및 공급업,2002-11-22,12
넥스트BT,065170,음·식료품 및 담배 도매업,2002-11-19,12
대호에이엘,069460,1차 비철금속 제조업,2002-11-11,12
파라다이스,034230,유원지 및 기타 오락관련 서비스업,2002-11-05,12
대웅제약,069620,의약품 제조업,2002-11-01,12
젬백스지오,041590,실내건축 및 건축마무리 공사업,2002-11-01,12
마니커,027740,도축| 육류 가공 및 저장 처리업,2002-10-29,12
S&T홀딩스,036530,기타 금융업,2002-10-22,12
휴켐스,069260,기타 화학제품 제조업,2002-10-07,12
새로닉스,042600,전자부품 제조업,2002-10-01,12
세종공업,033530,자동차 신품 부품 제조업,2002-09-25,12
오리엔트정공,065500,자동차 신품 부품 제조업,2002-09-19,12
케이알피앤이,060900,기타 화학제품 제조업,2002-09-17,12
국보디자인,066620,실내건축 및 건축마무리 공사업,2002-09-05,12
아이톡시,052770,소프트웨어 개발 및 공급업,2002-08-22,12
에스아이리소스,065420,석탄 광업,2002-08-22,12
젬백스링크,064800,섬유| 의복| 신발 및 가죽제품 소매업,2002-08-22,12
포스코강판,058430,1차 철강 제조업,2002-08-16,12
리노스,039980,섬유| 의복| 신발 및 가죽제품 소매업,2002-08-13,12
현대바이오,048410,기타 화학제품 제조업,2002-08-08,12
삼성출판사,068290,서적| 잡지 및 기타 인쇄물 출판업,2002-08-05,12
세이브존I&C,067830,종합 소매업,2002-07-25,12
에스피지,058610,전동기| 발전기 및 전기 변환 · 공급 · 제어 장치 제조업,2002-07-23,12
토탈소프트,045340,소프트웨어 개발 및 공급업,2002-07-19,12
교보증권,030610,금융 지원 서비스업,2002-07-18,12
서호전기,065710,전동기| 발전기 및 전기 변환 · 공급 · 제어 장치 제조업,2002-07-16,12
파커스,065690,반도체 제조업,2002-07-16,12
한샘,009240,생활용품 도매업,2002-07-16,12
한프,066110,컴퓨터 및 주변장치 제조업,2002-07-16,12
서울리거,043710,기타 전문 도매업,2002-07-11,12
홈센타홀딩스,060560,기타 전문 도매업,2002-07-11,12
아비코전자,036010,전자부품 제조업,2002-07-03,12
큐렉소,060280,기타 상품 전문 소매업,2002-07-03,12
제낙스,065620,1차 철강 제조업,2002-06-27,12
이그잭스,060230,전자부품 제조업,2002-06-25,12
옴니텔,057680,소프트웨어 개발 및 공급업,2002-06-18,12
우원개발,046940,기반조성 및 시설물 축조관련 전문공사업,2002-06-18,12
신세계건설,034300,건물 건설업,2002-06-17,12
인선이엔티,060150,폐기물 처리업,2002-06-14,12
전파기지국,065530,전기 통신업,2002-06-04,12
SM Life Design,063440,기록매체 복제업,2002-05-30,12
우신시스템,017370,특수 목적용 기계 제조업,2002-05-28,12
지어소프트,051160,소프트웨어 개발 및 공급업,2002-05-28,12
지엔코,065060,봉제의복 제조업,2002-05-28,12
셀루메드,049180,기초 의약물질 및 생물학적 제제 제조업,2002-05-23,12
KH바텍,060720,전자부품 제조업,2002-05-21,12
알에프텍,061040,통신 및 방송 장비 제조업,2002-05-16,12
에스폴리텍,050760,플라스틱제품 제조업,2002-05-16,12
이랜텍,054210,전자부품 제조업,2002-05-09,12
라이브플렉스,050120,생활용품 도매업,2002-04-25,12
케이피티유,054410,기타 금속 가공제품 제조업,2002-04-25,12
3S,060310,특수 목적용 기계 제조업,2002-04-23,3
LG전자,066570,통신 및 방송 장비 제조업,2002-04-22,12
화일약품,061250,의약품 제조업,2002-04-18,12
오상자이엘,053980,컴퓨터 프로그래밍| 시스템 통합 및 관리업,2002-04-09,12
한국콜마홀딩스,024720,기타 금융업,2002-04-09,12
농우바이오,054050,작물 재배업,2002-04-02,12
케이엘넷,039420,전기 통신업,2002-03-12,12
S&T모티브,064960,자동차 신품 부품 제조업,2002-03-11,12
에스티아이,039440,특수 목적용 기계 제조업,2002-02-28,12
잉크테크,049550,기타 화학제품 제조업,2002-02-28,12
대한뉴팜,054670,의약품 제조업,2002-02-26,12
씨티씨바이오,060590,의약품 제조업,2002-02-21,12
인탑스,049070,통신 및 방송 장비 제조업,2002-02-21,12
KT서브마린,060370,전기 및 통신 공사업,2002-02-15,12
피씨디렉트,051380,기계장비 및 관련 물품 도매업,2002-02-15,12
현진소재,053660,기타 금속 가공제품 제조업,2002-02-15,12
광주신세계,037710,종합 소매업,2002-02-07,12
구영테크,053270,자동차 신품 부품 제조업,2002-02-07,12
한국기업평가,034950,기타 사업지원 서비스업,2002-02-07,12
뉴보텍,060260,플라스틱제품 제조업,2002-02-05,12
동양에스텍,060380,1차 철강 제조업,2002-02-05,12
백금T&A,046310,통신 및 방송 장비 제조업,2002-02-05,12
슈펙스비앤피,058530,생활용품 도매업,2002-02-05,12
고려신용정보,049720,기타 사업지원 서비스업,2002-01-31,12
제일바이오,052670,의약품 제조업,2002-01-24,12
서울반도체,046890,반도체 제조업,2002-01-17,12
아가방컴퍼니,013990,생활용품 도매업,2002-01-17,12
일야,058450,통신 및 방송 장비 제조업,2002-01-17,12
미코,059090,반도체 제조업,2002-01-15,12
에이앤티앤,050320,기계장비 및 관련 물품 도매업,2002-01-15,12
유신,054930,건축기술| 엔지니어링 및 관련 기술 서비스업,2002-01-15,12
프럼파스트,035200,플라스틱제품 제조업,2002-01-15,12
한국컴퓨터,054040,전자부품 제조업,2002-01-15,12
대동스틸,048470,1차 철강 제조업,2002-01-10,12
레드로버,060300,영화| 비디오물| 방송프로그램 제작 및 배급업,2002-01-10,12
링네트,042500,컴퓨터 프로그래밍| 시스템 통합 및 관리업,2002-01-10,12
제이웨이,058420,영화| 비디오물| 방송프로그램 제작 및 배급업,2002-01-10,12
큐로컴,040350,컴퓨터 프로그래밍| 시스템 통합 및 관리업,2002-01-10,12
팬스타엔터프라이즈,054300,일반 목적용 기계 제조업,2002-01-10,12
피앤텔,054340,통신 및 방송 장비 제조업,2002-01-10,12
한빛소프트,047080,소프트웨어 개발 및 공급업,2002-01-10,12
일진디스플,020760,반도체 제조업,2002-01-09,12
NHN한국사이버결제,060250,기타 정보 서비스업,2002-01-08,12
금강철강,053260,1차 철강 제조업,2002-01-04,12
룽투코리아,060240,소프트웨어 개발 및 공급업,2002-01-04,12
포스링크,056730,기타 전문 도매업,2002-01-04,12
SKC 솔믹스,057500,전자부품 제조업,2001-12-26,12
동아화성,041930,고무제품 제조업,2001-12-26,12
비츠로시스,054220,전동기| 발전기 및 전기 변환 · 공급 · 제어 장치 제조업,2001-12-26,3
오리엔탈정공,014940,일반 목적용 기계 제조업,2001-12-26,12
필룩스,033180,전자부품 제조업,2001-12-26,12
크로바하이텍,043590,반도체 제조업,2001-12-20,12
리노공업,058470,전자부품 제조업,2001-12-18,12
성우테크론,045300,전자부품 제조업,2001-12-18,12
에스에프에이,056190,특수 목적용 기계 제조업,2001-12-18,12
신화인터텍,056700,플라스틱제품 제조업,2001-12-13,12
엑사이엔씨,054940,실내건축 및 건축마무리 공사업,2001-12-13,12
평화정공,043370,자동차 신품 부품 제조업,2001-12-13,12
종근당바이오,063160,의약품 제조업,2001-12-11,12
APS홀딩스,054620,기타 금융업,2001-12-04,12
코위버,056360,통신 및 방송 장비 제조업,2001-12-04,12
성호전자,043260,전자부품 제조업,2001-11-29,12
UCI,038340,일반 교습 학원,2001-11-22,12
YW,051390,상품 종합 도매업,2001-11-15,12
삼영엠텍,054540,구조용 금속제품| 탱크 및 증기발생기 제조업,2001-11-15,12
이니텍,053350,소프트웨어 개발 및 공급업,2001-11-15,12
에이디칩스,054630,그외 기타 제품 제조업,2001-11-13,12
유진로봇,056080,특수 목적용 기계 제조업,2001-11-13,12
태웅,044490,기타 금속 가공제품 제조업,2001-11-08,12
경남제약,053950,의약품 제조업,2001-11-06,12
삼보모터스,053700,자동차 신품 부품 제조업,2001-11-06,12
한컴위드,054920,소프트웨어 개발 및 공급업,2001-11-01,12
코미팜,041960,의약품 제조업,2001-10-30,12
프리엠스,053160,전동기| 발전기 및 전기 변환 · 공급 · 제어 장치 제조업,2001-10-30,12
코나아이,052400,소프트웨어 개발 및 공급업,2001-10-18,12
중앙오션,054180,선박 및 보트 건조업,2001-10-16,12
SGA,049470,소프트웨어 개발 및 공급업,2001-10-11,12
지에스이,053050,연료용 가스 제조 및 배관공급업,2001-10-11,12
큐브앤컴퍼니,043090,기타 전문 도매업,2001-10-11,12
소리바다,053110,자료처리| 호스팅| 포털 및 기타 인터넷 정보매개 서비스업,2001-10-09,12
아이디스홀딩스,054800,기타 전문 서비스업,2001-09-27,12
코데즈컴바인,047770,봉제의복 제조업,2001-09-18,12
안랩,053800,소프트웨어 개발 및 공급업,2001-09-13,12
신한지주,055550,기타 금융업,2001-09-10,12
YTN,040300,영화| 비디오물| 방송프로그램 제작 및 배급업,2001-09-04,12
CMG제약,058820,의약품 제조업,2001-08-31,12
JYP Ent.,035900,오디오물 출판 및 원판 녹음업,2001-08-30,12
한국테크놀로지,053590,자동차 신품 부품 제조업,2001-08-23,12
KCC건설,021320,건물 건설업,2001-08-21,12
세동,053060,자동차 신품 부품 제조업,2001-08-17,12
프로텍,053610,특수 목적용 기계 제조업,2001-08-17,12
액토즈소프트,052790,소프트웨어 개발 및 공급업,2001-08-14,12
세코닉스,053450,사진장비 및 광학기기 제조업,2001-08-09,12
바이넥스,053030,의약품 제조업,2001-08-07,12
오성첨단소재,052420,플라스틱제품 제조업,2001-08-07,12
코웨이,021240,그외 기타 개인 서비스업,2001-08-07,12
태양,053620,기타 금속 가공제품 제조업,2001-08-07,12
W홀딩컴퍼니,052300,기타 운송관련 서비스업,2001-08-02,12
유아이엘,049520,전자부품 제조업,2001-08-02,12
대원미디어,048910,기타 전문 도매업,2001-07-31,12
센트럴바이오,051980,플라스틱제품 제조업,2001-07-31,12
세아홀딩스,058650,1차 철강 제조업,2001-07-30,12
CJ프레시웨이,051500,음·식료품 및 담배 도매업,2001-07-26,12
파인디앤씨,049120,전자부품 제조업,2001-07-26,12
디지아이,043360,컴퓨터 및 주변장치 제조업,2001-07-20,12
코텍,052330,영상 및 음향기기 제조업,2001-07-10,12
한네트,052600,전기 통신업,2001-07-10,12
에스티큐브,052020,기계장비 및 관련 물품 도매업,2001-07-05,12
에이치엘비파워,043220,특수 목적용 기계 제조업,2001-07-03,12
스카이문스테크놀로지,033790,통신 및 방송 장비 제조업,2001-06-26,12
큐로홀딩스,051780,영화| 비디오물| 방송프로그램 제작 및 배급업,2001-06-26,12
이에스에이,052190,창작 및 예술관련 서비스업,2001-06-21,12
나라엠앤디,051490,특수 목적용 기계 제조업,2001-06-12,12
에코바이오,038870,사업시설 유지·관리 서비스업,2001-05-29,12
에이텍,045660,컴퓨터 및 주변장치 제조업,2001-05-24,12
SK바이오랜드,052260,기타 화학제품 제조업,2001-05-17,12
대아티아이,045390,기타 전기장비 제조업,2001-05-17,12
캠시스,050110,전자부품 제조업,2001-05-17,12
SFA반도체,036540,반도체 제조업,2001-05-02,12
LG생활건강,051900,기타 화학제품 제조업,2001-04-25,12
LG화학,051910,기초 화학물질 제조업,2001-04-25,12
대우건설,047040,건물 건설업,2001-03-23,12
포스코인터내셔널,047050,상품 중개업,2001-03-23,12
대우조선해양,042660,선박 및 보트 건조업,2001-02-02,12
두산인프라코어,042670,특수 목적용 기계 제조업,2001-02-02,12
삼표시멘트,038500,기타 비금속 광물제품 제조업,2001-02-01,12
진양화학,051630,플라스틱제품 제조업,2001-01-29,12
SM C&C,048550,광고업,2001-01-18,12
승일,049830,기타 금속 가공제품 제조업,2001-01-18,12
조광ILI,044060,일반 목적용 기계 제조업,2001-01-18,12
피에스엠씨,024850,전자부품 제조업,2001-01-18,3
TPC,048770,일반 목적용 기계 제조업,2001-01-16,12
코메론,049430,측정| 시험| 항해| 제어 및 기타 정밀기기 제조업; 광학기기 제외,2001-01-16,12
경남바이오파마,044480,고무제품 제조업,2001-01-11,12
삼화네트웍스,046390,영화| 비디오물| 방송프로그램 제작 및 배급업,2001-01-11,12
성광벤드,014620,1차 철강 제조업,2001-01-11,12
유라테크,048430,전동기| 발전기 및 전기 변환 · 공급 · 제어 장치 제조업,2001-01-11,12
삼현철강,017480,1차 철강 제조업,2001-01-09,12
오픈베이스,049480,컴퓨터 프로그래밍| 시스템 통합 및 관리업,2001-01-09,12
KCI,036670,기타 화학제품 제조업,2001-01-03,12
라온시큐어,042510,소프트웨어 개발 및 공급업,2001-01-03,12
오로라,039830,전문디자인업,2001-01-03,12
금화피에스시,036190,전기 및 통신 공사업,2000-12-26,12
코다코,046070,자동차 신품 부품 제조업,2000-12-26,12
인바디,041830,의료용 기기 제조업,2000-12-14,12
고려제약,014570,의약품 제조업,2000-12-07,12
크린앤사이언스,045520,일반 목적용 기계 제조업,2000-12-05,12
포스코 ICT,022100,건축기술| 엔지니어링 및 관련 기술 서비스업,2000-11-28,12
동원F&B,049770,기타 식품 제조업,2000-11-23,12
럭슬,033600,자동차 신품 부품 제조업,2000-11-21,12
KD,044180,건물 건설업,2000-11-16,12
이글벳,044960,기타 전문 도매업,2000-11-16,12
아즈텍WB,032080,섬유제품 염색| 정리 및 마무리 가공업,2000-10-26,12
두산중공업,034020,일반 목적용 기계 제조업,2000-10-25,12
오리콤,010470,광고업,2000-10-24,12
위닉스,044340,가정용 기기 제조업,2000-10-24,12
상지카일룸,042940,건물 건설업,2000-10-19,12
한국내화,010040,내화| 비내화 요업제품 제조업,2000-10-16,12
엔피케이,048830,합성고무 및 플라스틱 물질 제조업,2000-10-12,12
삼천당제약,000250,의약품 제조업,2000-10-04,12
에이치케이,044780,특수 목적용 기계 제조업,2000-09-07,12
정원엔시스,045510,컴퓨터 프로그래밍| 시스템 통합 및 관리업,2000-09-07,12
한양이엔지,045100,건축기술| 엔지니어링 및 관련 기술 서비스업,2000-08-31,12
누리텔레콤,040160,소프트웨어 개발 및 공급업,2000-08-29,12
에쎈테크,043340,일반 목적용 기계 제조업,2000-08-29,12
국순당,043650,알코올음료 제조업,2000-08-24,12
엘컴텍,037950,전자부품 제조업,2000-08-24,12
이오테크닉스,039030,특수 목적용 기계 제조업,2000-08-24,12
상상인,038540,컴퓨터 프로그래밍| 시스템 통합 및 관리업,2000-08-18,12
서울제약,018680,의약품 제조업,2000-08-18,12
나노엔텍,039860,의료용 기기 제조업,2000-08-16,12
파나진,046210,의료용품 및 기타 의약 관련제품 제조업,2000-08-16,12
오공,045060,기타 화학제품 제조업,2000-08-10,12
솔고바이오,043100,의료용 기기 제조업,2000-08-08,12
비츠로테크,042370,기타 금융업,2000-08-03,12
코아시아,045970,반도체 제조업,2000-08-03,12
정상제이엘에스,040420,일반 교습 학원,2000-08-01,12
진양제약,007370,의약품 제조업,2000-07-27,12
넥슨지티,041140,소프트웨어 개발 및 공급업,2000-07-25,12
지니뮤직,043610,자료처리| 호스팅| 포털 및 기타 인터넷 정보매개 서비스업,2000-07-20,12
진성티이씨,036890,특수 목적용 기계 제조업,2000-07-20,12
현대통신,039010,통신 및 방송 장비 제조업,2000-07-20,12
삼아제약,009300,의약품 제조업,2000-07-19,12
파루,043200,전동기| 발전기 및 전기 변환 · 공급 · 제어 장치 제조업,2000-07-19,12
에스씨디,042110,가정용 기기 제조업,2000-07-13,12
한국정보공학,039740,기타 전문 도매업,2000-07-06,12
디오,039840,의료용 기기 제조업,2000-06-29,12
네오위즈홀딩스,042420,소프트웨어 개발 및 공급업,2000-06-27,12
다산네트웍스,039560,통신 및 방송 장비 제조업,2000-06-22,12
바이오스마트,038460,전자부품 제조업,2000-06-22,12
에이아이비트,039230,측정| 시험| 항해| 제어 및 기타 정밀기기 제조업; 광학기기 제외,2000-06-22,12
우리기술,032820,전동기| 발전기 및 전기 변환 · 공급 · 제어 장치 제조업,2000-06-22,12
안국약품,001540,의약품 제조업,2000-06-15,12
골드퍼시픽,038530,생활용품 도매업,2000-06-09,12
세중,039310,여행사 및 기타 여행보조 서비스업,2000-06-09,12
우리기술투자,041190,기타 금융업,2000-06-09,12
HRS,036640,합성고무 및 플라스틱 물질 제조업,2000-05-30,12
에스에이엠티,031330,기계장비 및 관련 물품 도매업,2000-05-23,12
NICE평가정보,030190,기타 정보 서비스업,2000-05-16,12
위즈코프,038620,연료 소매업,2000-05-04,12
이건홀딩스,039020,제재 및 목재 가공업,2000-05-04,12
파인디지털,038950,통신 및 방송 장비 제조업,2000-05-04,12
나이스정보통신,036800,전기 통신업,2000-05-03,12
SG&G,040610,자동차 신품 부품 제조업,2000-04-27,12
아이에이,038880,전자부품 제조업,2000-04-27,12
에스넷,038680,컴퓨터 프로그래밍| 시스템 통합 및 관리업,2000-04-27,12
에스엠,041510,오디오물 출판 및 원판 녹음업,2000-04-27,12
쌍용정보통신,010280,컴퓨터 프로그래밍| 시스템 통합 및 관리업,2000-04-14,12
쎄니트,037760,1차 철강 제조업,2000-04-07,12
대성미생물,036480,의약품 제조업,2000-04-04,12
에코플라스틱,038110,자동차 신품 부품 제조업,2000-03-23,12
케이엠더블유,032500,통신 및 방송 장비 제조업,2000-03-21,12
화성밸브,039610,일반 목적용 기계 제조업,2000-03-16,12
경남스틸,039240,1차 철강 제조업,2000-03-07,12
마크로젠,038290,그외 기타 전문| 과학 및 기술 서비스업,2000-02-22,12
희림,037440,건축기술| 엔지니어링 및 관련 기술 서비스업,2000-02-03,12
레드캡투어,038390,여행사 및 기타 여행보조 서비스업,2000-02-01,12
GS홈쇼핑,028150,텔레비전 방송업,2000-01-20,12
솔브레인,036830,기타 화학제품 제조업,2000-01-18,12
에프에스티,036810,전자부품 제조업,2000-01-18,12
코맥스,036690,통신 및 방송 장비 제조업,2000-01-18,12
EG,037370,기타 전문 도매업,2000-01-11,12
버추얼텍,036620,기타 전문 도매업,2000-01-11,12
성도이엔지,037350,건축기술| 엔지니어링 및 관련 기술 서비스업,2000-01-11,12
제일테크노스,038010,구조용 금속제품| 탱크 및 증기발생기 제조업,2000-01-11,12
한세예스24홀딩스,016450,봉제의복 제조업,2000-01-06,12
무림SP,001810,펄프| 종이 및 판지 제조업,2000-01-04,12
세종텔레콤,036630,전기 통신업,2000-01-04,12
심텍홀딩스,036710,통신 및 방송 장비 제조업,2000-01-04,12
파세코,037070,가정용 기기 제조업,2000-01-04,12
영풍정밀,036560,일반 목적용 기계 제조업,1999-12-28,12
이테크건설,016250,건물 건설업,1999-12-28,12
KTH,036030,상품 중개업,1999-12-24,12
서희건설,035890,건물 건설업,1999-12-24,12
주성엔지니어링,036930,특수 목적용 기계 제조업,1999-12-24,12
대성홀딩스,016710,회사 본부 및 경영 컨설팅 서비스업,1999-12-22,12
다우데이타,032190,기계장비 및 관련 물품 도매업,1999-12-21,12
동진쎄미켐,005290,기초 화학물질 제조업,1999-12-21,12
라이브파이낸셜,036170,반도체 제조업,1999-12-21,12
선광,003100,기타 운송관련 서비스업,1999-12-21,12
에이프런티어,036180,기계장비 및 관련 물품 도매업,1999-12-21,12
제이에스티나,026040,귀금속 및 장신용품 제조업,1999-12-21,12
한국팩키지,037230,골판지| 종이 상자 및 종이용기 제조업,1999-12-21,12
삼지전자,037460,통신 및 방송 장비 제조업,1999-12-16,12
우리조명,037400,전구 및 조명장치 제조업,1999-12-16,12
대원제약,003220,의약품 제조업,1999-12-15,12
한국가스공사,036460,연료용 가스 제조 및 배관공급업,1999-12-15,12
SK머티리얼즈,036490,기초 화학물질 제조업,1999-12-14,12
네패스,033640,반도체 제조업,1999-12-14,12
인지디스플레,037330,전자부품 제조업,1999-12-14,12
위지트,036090,특수 목적용 기계 제조업,1999-12-10,12
유니셈,036200,특수 목적용 기계 제조업,1999-12-10,12
유성티엔에스,024800,육상 여객 운송업,1999-12-10,12
이매진아시아,036260,영화| 비디오물| 방송프로그램 제작 및 배급업,1999-12-10,12
코리아나,027050,기타 화학제품 제조업,1999-12-10,12
SCI평가정보,036120,기타 정보 서비스업,1999-12-07,12
더블유에프엠,035290,서적| 잡지 및 기타 인쇄물 출판업,1999-12-07,12
서울전자통신,027040,기계장비 및 관련 물품 도매업,1999-12-03,12
대성창투,027830,신탁업 및 집합투자업,1999-11-30,12
예림당,036000,서적| 잡지 및 기타 인쇄물 출판업,1999-11-30,12
미래아이앤지,007120,컴퓨터 프로그래밍| 시스템 통합 및 관리업,1999-11-26,12
CJ ENM,035760,텔레비전 방송업,1999-11-23,12
이지바이오,035810,동물용 사료 및 조제식품 제조업,1999-11-23,12
기산텔레콤,035460,통신 및 방송 장비 제조업,1999-11-18,12
화천기공,000850,특수 목적용 기계 제조업,1999-11-18,12
팜스코,036580,곡물가공품| 전분 및 전분제품 제조업,1999-10-25,12
케이티앤지,033780,담배 제조업,1999-10-08,12
한국조선해양,009540,선박 및 보트 건조업,1999-08-24,12
디씨엠,024090,1차 철강 제조업,1999-08-18,12
바른손이앤에이,035620,영화| 비디오물| 방송프로그램 제작 및 배급업,1999-08-13,12
솔본,035610,회사 본부 및 경영 컨설팅 서비스업,1999-08-13,12
시공테크,020710,전문디자인업,1999-08-13,12
신일제약,012790,의약품 제조업,1999-08-13,12
조아제약,034940,의약품 제조업,1999-08-13,12
AK홀딩스,006840,기타 금융업,1999-08-11,12
대한유화,006650,기초 화학물질 제조업,1999-08-11,12
백산,035150,플라스틱제품 제조업,1999-08-11,12
지투알,035000,회사 본부 및 경영 컨설팅 서비스업,1999-08-11,12
체시스,033250,자동차 신품 부품 제조업,1999-08-11,6
인성정보,033230,컴퓨터 프로그래밍| 시스템 통합 및 관리업,1999-07-30,12
인터파크홀딩스,035080,무점포 소매업,1999-07-05,12
동국산업,005160,1차 철강 제조업,1999-06-25,12
매일홀딩스,005990,낙농제품 및 식용빙과류 제조업,1999-05-14,12
해성산업,034810,부동산 임대 및 공급업,1999-04-16,12
자화전자,033240,전자부품 제조업,1999-01-06,12
케이티,030200,전기 통신업,1998-12-23,12
하이트론씨스템즈,019490,영상 및 음향기기 제조업,1998-11-04,12
녹십자셀,031390,기초 의약물질 및 생물학적 제제 제조업,1998-09-25,12
디에스티,033430,특수 목적용 기계 제조업,1998-05-25,12
제일기획,030000,광고업,1998-03-03,12
한국정보통신,025770,전기 통신업,1998-01-20,12
파라텍,033540,특수 목적용 기계 제조업,1997-12-26,12
동성화인텍,033500,기초 화학물질 제조업,1997-12-19,12
디피씨,026890,전동기| 발전기 및 전기 변환 · 공급 · 제어 장치 제조업,1997-11-25,12
케이씨,029460,측정| 시험| 항해| 제어 및 기타 정밀기기 제조업; 광학기기 제외,1997-11-25,12
드래곤플라이,030350,소프트웨어 개발 및 공급업,1997-11-10,12
디케이디앤아이,033310,기타 금속 가공제품 제조업,1997-11-10,12
엠케이전자,033160,전자부품 제조업,1997-11-10,12
제이씨현시스템,033320,기계장비 및 관련 물품 도매업,1997-11-10,12
포스코엠텍,009520,1차 철강 제조업,1997-11-10,12
스페코,013810,특수 목적용 기계 제조업,1997-11-03,12
좋은사람들,033340,봉제의복 제조업,1997-11-03,12
대원화성,024890,플라스틱제품 제조업,1997-10-28,12
모아텍,033200,전자부품 제조업,1997-10-13,3
코웰패션,033290,섬유| 의복| 신발 및 가죽제품 소매업,1997-10-13,12
코콤,015710,통신 및 방송 장비 제조업,1997-09-30,12
E1,017940,기타 전문 도매업,1997-08-27,12
SK가스,018670,기타 전문 도매업,1997-08-27,12
다우기술,023590,자료처리| 호스팅| 포털 및 기타 인터넷 정보매개 서비스업,1997-08-27,12
영보화학,014440,플라스틱제품 제조업,1997-08-27,12
제룡전기,033100,전동기| 발전기 및 전기 변환 · 공급 · 제어 장치 제조업,1997-08-18,12
제이엠아이,033050,기록매체 복제업,1997-08-18,12
코너스톤네트웍스,033110,종합 소매업,1997-08-18,12
디지틀조선,033130,자료처리| 호스팅| 포털 및 기타 인터넷 정보매개 서비스업,1997-08-06,12
바이온,032980,음·식료품 및 담배 도매업,1997-08-06,12
와이지-원,019210,기타 금속 가공제품 제조업,1997-08-06,12
특수건설,026150,토목 건설업,1997-08-06,12
아이즈비전,031310,전기 통신업,1997-07-25,12
SKC,011790,기타 화학제품 제조업,1997-07-18,12
동일기연,032960,전자부품 제조업,1997-07-18,12
소프트센,032680,기계장비 및 관련 물품 도매업,1997-07-18,12
원익,032940,기계장비 및 관련 물품 도매업,1997-07-18,12
원풍물산,008290,봉제의복 제조업,1997-07-18,12
웰바이오텍,010600,상품 중개업,1997-07-18,12
한국주강,025890,특수 목적용 기계 제조업,1997-07-18,12
삼진,032750,통신 및 방송 장비 제조업,1997-07-14,12
글로스퍼랩스,032860,해체| 선별 및 원료 재생업,1997-07-04,12
비트컴퓨터,032850,소프트웨어 개발 및 공급업,1997-07-04,12
엠젠플러스,032790,기계장비 및 관련 물품 도매업,1997-06-26,12
판타지오,032800,창작 및 예술관련 서비스업,1997-06-26,12
덕양산업,024900,자동차 신품 부품 제조업,1997-06-23,12
부산도시가스,015350,연료용 가스 제조 및 배관공급업,1997-06-23,12
에쓰씨엔지니어링,023960,토목 건설업,1997-06-23,12
인지컨트롤스,023800,자동차 신품 부품 제조업,1997-06-23,12
유비케어,032620,소프트웨어 개발 및 공급업,1997-05-02,12
피델릭스,032580,반도체 제조업,1997-04-22,12
TJ미디어,032540,영상 및 음향기기 제조업,1997-04-16,12
휴맥스홀딩스,028080,기타 금융업,1997-04-16,12
삼일,032280,도로 화물 운송업,1997-03-15,12
경동인베스트,012320,기타 금융업,1997-03-07,12
뉴인텍,012340,전자부품 제조업,1997-02-12,12
에스제이엠홀딩스,025530,자동차 부품 및 내장품 판매업,1997-02-12,12
오스템,031510,자동차 신품 부품 제조업,1997-02-12,12
콤텍시스템,031820,컴퓨터 프로그래밍| 시스템 통합 및 관리업,1997-02-12,12
에스마크,030270,방적 및 가공사 제조업,1997-01-17,12
엔에스엔,031860,상품 종합 도매업,1997-01-07,12
피에스케이홀딩스,031980,특수 목적용 기계 제조업,1997-01-07,12
SK하이닉스,000660,반도체 제조업,1996-12-26,12
MH에탄올,023150,알코올음료 제조업,1996-12-24,12
국동,005320,생활용품 도매업,1996-12-24,12
동남합성,023450,기초 화학물질 제조업,1996-12-24,12
삼성엔지니어링,028050,건축기술| 엔지니어링 및 관련 기술 서비스업,1996-12-24,12
신도리코,029530,컴퓨터 및 주변장치 제조업,1996-12-24,12
예스코홀딩스,015360,기타 금융업,1996-12-24,12
퍼시스,016800,가구 제조업,1996-12-24,12
세보엠이씨,011560,건물설비 설치 공사업,1996-12-23,12
한일단조,024740,자동차 신품 부품 제조업,1996-11-29,12
WISCOM,024070,플라스틱제품 제조업,1996-11-22,12
동원수산,030720,어로 어업,1996-11-22,12
미래산업,025560,측정| 시험| 항해| 제어 및 기타 정밀기기 제조업; 광학기기 제외,1996-11-22,12
KTB투자증권,030210,금융 지원 서비스업,1996-11-19,12
양지사,030960,인쇄 및 인쇄관련 산업,1996-10-24,6
HDC,012630,기타 금융업,1996-10-16,12
광전자,017900,반도체 제조업,1996-10-16,12
한국단자공업,025540,전동기| 발전기 및 전기 변환 · 공급 · 제어 장치 제조업,1996-10-16,12
원익홀딩스,030530,기타 금융업,1996-09-24,12
한글과컴퓨터,030520,소프트웨어 개발 및 공급업,1996-09-24,12
메이슨캐피탈,021880,기타 금융업,1996-09-02,3
대호피앤씨,021040,1차 철강 제조업,1996-08-27,12
바른테크놀로지,029480,통신 및 방송 장비 제조업,1996-08-27,12
디아이,003160,측정| 시험| 항해| 제어 및 기타 정밀기기 제조업; 광학기기 제외,1996-07-31,12
신성이엔지,011930,반도체 제조업,1996-07-31,12
티에이치엔,019180,기타 전기장비 제조업,1996-07-31,12
한온시스템,018880,일반 목적용 기계 제조업,1996-07-31,12
미래SCI,028040,상품 중개업,1996-07-27,12
에이치엘비,028300,선박 및 보트 건조업,1996-07-27,12
팜스토리,027710,동물용 사료 및 조제식품 제조업,1996-07-06,12
세원정공,021820,자동차 신품 부품 제조업,1996-07-03,6
세하,027970,펄프| 종이 및 판지 제조업,1996-07-03,12
영풍제지,006740,골판지| 종이 상자 및 종이용기 제조업,1996-07-03,12
유니온,000910,시멘트| 석회| 플라스터 및 그 제품 제조업,1996-07-03,12
키다리스튜디오,020120,자료처리| 호스팅| 포털 및 기타 인터넷 정보매개 서비스업,1996-07-03,12
한섬,020000,봉제의복 제조업,1996-07-03,12
현대엘리베이터,017800,일반 목적용 기계 제조업,1996-07-03,12
환인제약,016580,의약품 제조업,1996-07-03,12
삼보판지,023600,펄프| 종이 및 판지 제조업,1996-05-29,12
삼목에스폼,018310,구조용 금속제품| 탱크 및 증기발생기 제조업,1996-05-03,12
에이스침대,003800,가구 제조업,1996-05-03,12
원익큐브,014190,기타 전문 도매업,1996-04-26,12
계룡건설산업,013580,토목 건설업,1996-01-30,12
서원,021050,금속 주조업,1996-01-30,12
에스원,012750,경비| 경호 및 탐정업,1996-01-30,12
태경산업,015890,기초 화학물질 제조업,1996-01-30,12
리드코프,012700,기타 전문 도매업,1996-01-19,12
유니슨,018000,일반 목적용 기계 제조업,1996-01-10,12
아난티,025980,일반 및 생활 숙박시설 운영업,1996-01-06,12
광진실업,026910,1차 철강 제조업,1996-01-03,12
인터엠,017250,영상 및 음향기기 제조업,1996-01-03,9
신대양제지,016590,골판지| 종이 상자 및 종이용기 제조업,1995-12-21,12
유양디앤유,011690,반도체 제조업,1995-12-21,12
남해화학,025860,비료| 농약 및 살균| 살충제 제조업,1995-11-10,12
동원금속,018500,자동차 신품 부품 제조업,1995-11-10,3
성안,011300,직물직조 및 직물제품 제조업,1995-11-10,12
성우하이텍,015750,자동차 신품 부품 제조업,1995-11-04,12
대신정보통신,020180,컴퓨터 프로그래밍| 시스템 통합 및 관리업,1995-10-06,3
서부T&D,006730,일반 및 생활 숙박시설 운영업,1995-10-06,12
HMM,011200,해상 운송업,1995-10-05,12
경인양행,012610,기초 화학물질 제조업,1995-10-05,12
풀무원,017810,기타 식품 제조업,1995-10-05,12
서울도시가스,017390,연료용 가스 제조 및 배관공급업,1995-08-18,12
이구산업,025820,1차 비철금속 제조업,1995-08-18,12
동신건설,025950,토목 건설업,1995-08-07,12
동화기업,025900,나무제품 제조업,1995-08-07,12
에넥스,011090,가구 제조업,1995-07-08,12
에이프로젠 KIC,007460,기타 금속 가공제품 제조업,1995-07-08,12
제이준코스메틱,025620,기타 화학제품 제조업,1995-07-08,12
한국카본,017960,구조용 금속제품| 탱크 및 증기발생기 제조업,1995-07-08,12
신라에스지,025870,음·식료품 및 담배 도매업,1995-07-07,12
케이씨피드,025880,동물용 사료 및 조제식품 제조업,1995-07-07,12
한탑,002680,곡물가공품| 전분 및 전분제품 제조업,1995-07-07,12
한국선재,025550,1차 철강 제조업,1995-06-19,12
대성엘텍,025440,영상 및 음향기기 제조업,1995-05-22,12
시노펙스,025320,전자부품 제조업,1995-04-20,12
PN풍년,024940,기타 금속 가공제품 제조업,1995-01-04,12
삼천리자전거,024950,생활용품 도매업,1995-01-04,12
메디앙스,014100,기타 화학제품 제조업,1995-01-03,12
KBI메탈,024840,1차 비철금속 제조업,1994-12-29,12
경창산업,024910,자동차 신품 부품 제조업,1994-12-29,12
대륙제관,004780,기타 금속 가공제품 제조업,1994-12-29,12
동원개발,013120,건물 건설업,1994-12-29,12
세원물산,024830,자동차 신품 부품 제조업,1994-12-29,12
이화전기,024810,전동기| 발전기 및 전기 변환 · 공급 · 제어 장치 제조업,1994-12-29,12
케이피에프,024880,기타 금속 가공제품 제조업,1994-12-29,12
KPX케미칼,025000,기초 화학물질 제조업,1994-12-27,12
지코,010580,자동차 신품 부품 제조업,1994-12-27,12
태평양물산,007980,봉제의복 제조업,1994-12-27,12
KB오토시스,024120,자동차 신품 부품 제조업,1994-12-07,12
신원종합개발,017000,건물 건설업,1994-12-07,12
흥구석유,024060,기타 전문 도매업,1994-12-07,12
대한약품,023910,의약품 제조업,1994-11-23,12
이화공영,001840,건물 건설업,1994-11-23,12
풍국주정,023900,알코올음료 제조업,1994-11-23,12
한국아트라스비엑스,023890,일차전지 및 축전지 제조업,1994-11-23,12
대림제지,017650,기타 종이 및 판지 제품 제조업,1994-11-07,12
대한광통신,010170,절연선 및 케이블 제조업,1994-11-07,12
동일철강,023790,1차 철강 제조업,1994-11-07,12
플레이위드,023770,소프트웨어 개발 및 공급업,1994-11-07,12
한국캐피탈,023760,기타 금융업,1994-11-07,12
한일사료,005860,동물용 사료 및 조제식품 제조업,1994-11-07,12
KC그린홀딩스,009440,기타 금융업,1994-11-05,12
문배철강,008420,1차 철강 제조업,1994-11-05,12
웅진,016880,기타 금융업,1994-11-05,12
모베이스전자,012860,자동차 신품 부품 제조업,1994-10-26,12
CNH,023460,신탁업 및 집합투자업,1994-10-07,12
국영지앤엠,006050,유리 및 유리제품 제조업,1994-10-07,12
유진기업,023410,시멘트| 석회| 플라스터 및 그 제품 제조업,1994-10-07,12
제일제강,023440,1차 철강 제조업,1994-10-07,12
보성파워텍,006910,구조용 금속제품| 탱크 및 증기발생기 제조업,1994-09-07,12
브이티지엠피,018290,컴퓨터 및 주변장치 제조업,1994-09-07,12
태광,023160,1차 철강 제조업,1994-09-07,12
오뚜기,007310,기타 식품 제조업,1994-08-12,12
일정실업,008500,편조원단 제조업,1994-08-12,12
한라,014790,토목 건설업,1994-08-12,12
영신금속,007530,기타 금속 가공제품 제조업,1994-08-05,12
엘에스일렉트릭,010120,전동기| 발전기 및 전기 변환 · 공급 · 제어 장치 제조업,1994-07-11,12
신라섬유,001000,가전제품 및 정보통신장비 소매업,1994-06-28,12
원일특강,012620,1차 철강 제조업,1994-06-28,12
서한,011370,건물 건설업,1994-05-24,12
대양금속,009190,1차 철강 제조업,1994-04-29,12
이화산업,000760,기타 전문 도매업,1994-04-29,12
동원시스템즈,014820,플라스틱제품 제조업,1994-03-29,12
바른손,018700,영화| 비디오물| 방송프로그램 제작 및 배급업,1994-03-18,3
부방,014470,기타 금융업,1994-02-25,12
삼성중공업,010140,선박 및 보트 건조업,1994-01-28,12
모토닉,009680,자동차 신품 부품 제조업,1994-01-14,12
화신,010690,자동차 신품 부품 제조업,1994-01-14,12
대명소노시즌,007720,상품 종합 도매업,1994-01-06,12
대양제지,006580,펄프| 종이 및 판지 제조업,1993-12-29,12
유니크,011320,자동차 신품 부품 제조업,1993-12-29,12
진로발효,018120,알코올음료 제조업,1993-12-29,12
청보산업,013720,자동차 신품 부품 제조업,1993-12-29,12
삼보산업,009620,1차 비철금속 제조업,1993-12-07,12
푸드웰,005670,과실| 채소 가공 및 저장 처리업,1993-12-07,12
푸른저축은행,007330,은행 및 저축기관,1993-12-07,12
피제이전자,006140,의료용 기기 제조업,1993-12-07,12
베뉴지,019010,종합 소매업,1993-11-05,12
엠에스씨,009780,기타 식품 제조업,1993-10-12,12
삼화페인트공업,000390,기타 화학제품 제조업,1993-09-10,12
행남사,008800,기타 식품 제조업,1993-09-03,12
경동나비엔,009450,가정용 기기 제조업,1993-08-31,12
대동금속,020400,금속 주조업,1993-07-30,12
광림,014200,자동차용 엔진 및 자동차 제조업,1993-07-07,12
대원산업,005710,자동차 신품 부품 제조업,1993-06-21,12
큐캐피탈,016600,기타 금융업,1993-06-21,12
한국가구,004590,생활용품 도매업,1993-06-03,12
포비스티앤씨,016670,기타 전문 도매업,1993-04-21,12
중앙에너비스,000440,기타 전문 도매업,1993-03-24,12
DB,012030,컴퓨터 프로그래밍| 시스템 통합 및 관리업,1993-01-06,12
삼광글라스,005090,유리 및 유리제품 제조업,1993-01-06,12
삼륭물산,014970,골판지| 종이 상자 및 종이용기 제조업,1992-12-29,12
대림비앤코,005750,내화| 비내화 요업제품 제조업,1992-12-23,12
경동제약,011040,의약품 제조업,1992-12-18,12
원풍,008370,플라스틱제품 제조업,1992-12-18,12
네이처셀,007390,기초 의약물질 및 생물학적 제제 제조업,1992-11-30,12
삼일기업공사,002290,건물 건설업,1992-11-30,12
일지테크,019540,자동차 신품 부품 제조업,1992-11-03,12
한일화학,007770,기초 화학물질 제조업,1992-09-07,12
한국알콜,017890,기타 화학제품 제조업,1992-08-04,12
대주산업,003310,동물용 사료 및 조제식품 제조업,1992-08-01,12
글로본,019660,상품 종합 도매업,1992-06-04,12
대한해운,005880,해상 운송업,1992-04-23,12
메리츠증권,008560,금융 지원 서비스업,1992-01-15,12
세명전기,017510,기타 금속 가공제품 제조업,1991-12-26,12
휴니드테크놀러지스,005870,통신 및 방송 장비 제조업,1991-09-03,12
수산중공업,017550,특수 목적용 기계 제조업,1991-08-30,12
에이티넘인베스트,021080,신탁업 및 집합투자업,1991-07-12,12
롯데케미칼,011170,기초 화학물질 제조업,1991-05-30,12
대동기어,008830,특수 목적용 기계 제조업,1991-05-17,12
세아베스틸,001430,1차 철강 제조업,1991-03-12,12
호텔신라,008770,기타 상품 전문 소매업,1991-03-12,12
태경비케이,014580,시멘트| 석회| 플라스터 및 그 제품 제조업,1991-03-07,12
화승알앤에이,013520,자동차 신품 부품 제조업,1991-02-22,12
신흥,004080,기계장비 및 관련 물품 도매업,1991-02-08,12
화승인더스트리,006060,플라스틱제품 제조업,1991-02-04,12
극동유화,014530,석유 정제품 제조업,1991-01-31,12
고려산업,002140,곡물가공품| 전분 및 전분제품 제조업,1991-01-14,12
피에스텍,002230,측정| 시험| 항해| 제어 및 기타 정밀기기 제조업; 광학기기 제외,1991-01-04,12
대현,016090,봉제의복 제조업,1990-09-20,12
케이비아이동국실업,001620,자동차 신품 부품 제조업,1990-09-15,12
광명전기,017040,전동기| 발전기 및 전기 변환 · 공급 · 제어 장치 제조업,1990-09-14,12
부산산업,011390,시멘트| 석회| 플라스터 및 그 제품 제조업,1990-09-14,12
STX,011810,상품 종합 도매업,1990-09-12,12
고려아연,010130,1차 비철금속 제조업,1990-07-28,12
코센,009730,1차 철강 제조업,1990-07-27,12
청호컴넷,012600,일반 목적용 기계 제조업,1990-07-10,12
우리들제약,004720,의약품 제조업,1990-06-15,12
무림페이퍼,009200,펄프| 종이 및 판지 제조업,1990-06-09,12
현대차증권,001500,금융 지원 서비스업,1990-06-09,12
금비,008870,유리 및 유리제품 제조업,1990-06-08,9
대동전자,008110,통신 및 방송 장비 제조업,1990-06-05,3
원림,005820,직물직조 및 직물제품 제조업,1990-04-20,12
서흥,008490,기타 화학제품 제조업,1990-03-27,12
성문전자,014910,전자부품 제조업,1990-03-24,12
넥스트사이언스,003580,기타 비금속광물 광업,1990-03-23,12
일진홀딩스,015860,기타 금융업,1990-03-22,12
대영포장,014160,골판지| 종이 상자 및 종이용기 제조업,1990-03-06,12
영화금속,012280,자동차 신품 부품 제조업,1990-01-25,12
신풍제약,019170,의약품 제조업,1990-01-20,12
동성제약,002210,의약품 제조업,1990-01-19,12
카스,016920,기계장비 및 관련 물품 도매업,1990-01-04,12
키위미디어그룹,012170,영화| 비디오물| 방송프로그램 제작 및 배급업,1989-12-20,12
한올바이오파마,009420,의약품 제조업,1989-12-18,12
하이록코리아,013030,1차 철강 제조업,1989-12-15,12
유니켐,011330,가죽| 가방 및 유사제품 제조업,1989-12-14,12
대창,012800,1차 비철금속 제조업,1989-12-05,12
국보,001140,도로 화물 운송업,1989-12-02,12
일성건설,013360,토목 건설업,1989-12-02,12
까뮤이앤씨,013700,건물 건설업,1989-11-30,12
보락,002760,기타 화학제품 제조업,1989-11-30,12
선도전기,007610,전동기| 발전기 및 전기 변환 · 공급 · 제어 장치 제조업,1989-11-30,12
씨아이테크,004920,그외 기타 제품 제조업,1989-11-30,12
광동제약,009290,의약품 제조업,1989-11-17,12
갤럭시아에스엠,011420,스포츠 서비스업,1989-11-14,12
남성,004270,기타 전문 도매업,1989-11-14,12
KISCO홀딩스,001940,1차 철강 제조업,1989-11-13,12
태영건설,009410,토목 건설업,1989-11-13,12
한국특수형강,007280,1차 철강 제조업,1989-11-13,12
한솔로지스틱스,009180,기타 운송관련 서비스업,1989-11-13,12
삼양통상,002170,가죽| 가방 및 유사제품 제조업,1989-11-10,12
SK텔레콤,017670,전기 통신업,1989-11-07,12
진양폴리우레탄,010640,플라스틱제품 제조업,1989-09-30,12
미창석유공업,003650,석유 정제품 제조업,1989-09-27,12
삼익THK,004380,일반 목적용 기계 제조업,1989-09-26,12
미원상사,002840,기타 화학제품 제조업,1989-09-25,12
서연,007860,기타 금융업,1989-09-09,12
SBI인베스트먼트,019550,신탁업 및 집합투자업,1989-09-06,12
세우글로벌,013000,기타 전문 도매업,1989-09-05,12
현대모비스,012330,자동차 신품 부품 제조업,1989-09-05,12
쎌마테라퓨틱스,015540,기타 사업지원 서비스업,1989-09-02,12
KG케미칼,001390,기초 화학물질 제조업,1989-08-25,12
대우부품,009320,자동차 신품 부품 제조업,1989-08-25,12
현대해상,001450,보험업,1989-08-25,12
현대그린푸드,005440,종합 소매업,1989-08-22,12
한국전력공사,015760,전기업,1989-08-10,12
국도화학,007690,기초 화학물질 제조업,1989-08-05,12
녹십자,006280,의약품 제조업,1989-08-01,12
SIMPAC,009160,특수 목적용 기계 제조업,1989-07-29,12
윌비스,008600,생활용품 도매업,1989-07-28,12
대창단조,015230,자동차 신품 부품 제조업,1989-07-25,12
사조산업,007160,어로 어업,1989-07-25,12
한익스프레스,014130,도로 화물 운송업,1989-07-25,12
사조동아원,008040,곡물가공품| 전분 및 전분제품 제조업,1989-06-24,12
경인전자,009140,전자부품 제조업,1989-06-20,12
무림P&P,009580,펄프| 종이 및 판지 제조업,1989-06-20,12
인디에프,014990,봉제의복 제조업,1989-06-20,12
한솔피엔에스,010420,기타 전문 도매업,1989-05-31,12
디와이,013570,기타 금융업,1989-05-30,12
방림,003610,직물직조 및 직물제품 제조업,1989-05-30,9
큐로,015590,일반 목적용 기계 제조업,1989-05-27,12
한솔케미칼,014680,기초 화학물질 제조업,1989-05-20,12
퍼스텍,010820,무기 및 총포탄 제조업,1989-05-10,12
리더스 기술투자,019570,신탁업 및 집합투자업,1989-03-14,3
엠벤처투자,019590,신탁업 및 집합투자업,1989-03-14,12
동원산업,006040,어로 어업,1989-03-07,12
대덕전자,008060,전자부품 제조업,1989-01-26,12
한성기업,003680,수산물 가공 및 저장 처리업,1989-01-26,12
모헨즈,006920,시멘트| 석회| 플라스터 및 그 제품 제조업,1989-01-05,12
이스타코,015020,부동산 임대 및 공급업,1988-12-23,12
태림포장,011280,골판지| 종이 상자 및 종이용기 제조업,1988-12-20,12
아세아제지,002310,골판지| 종이 상자 및 종이용기 제조업,1988-12-15,12
화천기계,010660,특수 목적용 기계 제조업,1988-12-12,12
CJ씨푸드,011150,기타 식품 제조업,1988-11-26,12
신화실업,001770,1차 철강 제조업,1988-11-23,12
조일알미늄,018470,1차 비철금속 제조업,1988-11-22,12
에스엘,005850,자동차 신품 부품 제조업,1988-11-08,12
영원무역홀딩스,009970,기타 금융업,1988-11-07,12
더존비즈온,012510,컴퓨터 프로그래밍| 시스템 통합 및 관리업,1988-10-28,12
보령제약,003850,의약품 제조업,1988-10-24,12
폴루스바이오팜,007630,상품 중개업,1988-10-24,12
이건산업,008250,나무제품 제조업,1988-10-21,12
모나리자,012690,기타 종이 및 판지 제품 제조업,1988-10-14,12
대구백화점,006370,종합 소매업,1988-10-10,12
우성사료,006980,곡물가공품| 전분 및 전분제품 제조업,1988-10-10,12
유성기업,002920,자동차 신품 부품 제조업,1988-10-10,12
한일철강,002220,1차 철강 제조업,1988-10-07,12
삼익악기,002450,악기 제조업,1988-09-30,12
화성산업,002460,건물 건설업,1988-09-29,12
디티알오토모티브,007340,일차전지 및 축전지 제조업,1988-09-24,12
보해양조,000890,알코올음료 제조업,1988-09-23,12
상상인증권,001290,금융 지원 서비스업,1988-09-23,12
혜인,003010,기계장비 및 관련 물품 도매업,1988-09-20,12
금강공업,014280,1차 철강 제조업,1988-09-10,12
엔케이물산,009810,기타 전문 도매업,1988-08-31,12
율촌화학,008730,플라스틱제품 제조업,1988-08-30,12
신원,009270,봉제의복 제조업,1988-08-24,12
동방,004140,기타 운송관련 서비스업,1988-08-10,12
한국쉘석유,002960,석유 정제품 제조업,1988-08-10,12
부광약품,003000,의약품 제조업,1988-08-05,12
풍산홀딩스,005810,기타 금융업,1988-07-28,12
부국증권,001270,금융 지원 서비스업,1988-07-19,12
계양전기,012200,일반 목적용 기계 제조업,1988-07-06,12
한솔테크닉스,004710,전자부품 제조업,1988-07-06,12
동성화학,005190,기초 화학물질 제조업,1988-07-01,12
DB금융투자,016610,금융 지원 서비스업,1988-06-27,12
한미사이언스,008930,기타 금융업,1988-06-20,12
삼진제약,005500,의약품 제조업,1988-06-18,12
포스코,005490,1차 철강 제조업,1988-06-10,12
범양건영,002410,건물 건설업,1988-05-25,12
파미셀,005690,기초 의약물질 및 생물학적 제제 제조업,1988-05-20,12
동국제강,001230,1차 철강 제조업,1988-05-09,12
대원전선,006340,절연선 및 케이블 제조업,1988-05-04,12
이수화학,005950,기초 화학물질 제조업,1988-04-28,12
삼성증권,016360,금융 지원 서비스업,1988-03-28,12
삼영무역,002810,기타 전문 도매업,1988-03-28,12
한양증권,001750,금융 지원 서비스업,1988-03-04,12
금호석유화학,011780,기초 화학물질 제조업,1988-01-22,12
유안타증권,003470,금융 지원 서비스업,1988-01-21,12
제일파마홀딩스,002620,회사 본부 및 경영 컨설팅 서비스업,1988-01-20,12
에이엔피,015260,전자부품 제조업,1988-01-18,12
한창제지,009460,펄프| 종이 및 판지 제조업,1987-12-23,12
넥센,005720,고무제품 제조업,1987-12-19,12
삼성공조,006660,자동차 신품 부품 제조업,1987-11-28,12
세방전지,004490,일차전지 및 축전지 제조업,1987-11-28,12
진원생명과학,011000,의약품 제조업,1987-11-16,12
참엔지니어링,009310,특수 목적용 기계 제조업,1987-11-12,12
한국프랜지공업,010100,자동차 신품 부품 제조업,1987-10-02,12
코스모신소재,005070,기타 화학제품 제조업,1987-09-28,12
덕성,004830,플라스틱제품 제조업,1987-09-25,12
신영증권,001720,금융 지원 서비스업,1987-08-24,3
유진증권,001200,금융 지원 서비스업,1987-08-24,12
유화증권,003460,금융 지원 서비스업,1987-08-24,12
한신기계공업,011700,일반 목적용 기계 제조업,1987-07-24,12
코스모화학,005420,기타 화학제품 제조업,1987-07-23,12
가온전선,000500,절연선 및 케이블 제조업,1987-06-08,12
S-Oil,010950,석유 정제품 제조업,1987-05-27,12
한화에어로스페이스,012450,항공기|우주선 및 부품 제조업,1987-05-27,12
삼화전자공업,011230,영상 및 음향기기 제조업,1987-05-25,12
현대제철,004020,1차 철강 제조업,1987-05-23,12
써니전자,004770,반도체 제조업,1987-04-22,12
현대비앤지스틸,004560,1차 철강 제조업,1987-03-24,12
사조오양,006090,수산물 가공 및 저장 처리업,1986-12-24,12
한화투자증권,003530,금융 지원 서비스업,1986-11-25,12
삼화전기,009470,전자부품 제조업,1986-11-24,12
SK증권,001510,금융 지원 서비스업,1986-09-20,12
평화홀딩스,010770,자동차 신품 부품 제조업,1986-03-31,12
일신석재,007110,건축자재| 철물 및 난방장치 도매업,1986-03-04,12
KG동부제철,016380,1차 철강 제조업,1986-02-03,12
아이에스동서,010780,내화| 비내화 요업제품 제조업,1986-01-27,12
SH에너지화학,002360,기초 화학물질 제조업,1985-12-23,12
대한화섬,003830,화학섬유 제조업,1985-12-23,12
코리아써키트,007810,전자부품 제조업,1985-09-09,12
신세계,004170,종합 소매업,1985-08-19,12
OCI,010060,기초 화학물질 제조업,1985-07-09,12
삼일제약,000520,의약품 제조업,1985-05-29,12
인스코비,006490,전기 통신업,1985-01-17,12
일성신약,003120,의약품 제조업,1985-01-14,12
현대건설,000720,토목 건설업,1984-12-22,12
TCC스틸,002710,1차 철강 제조업,1984-12-21,12
에이프로젠제약,003060,의약품 제조업,1984-10-19,12
F&F,007700,봉제의복 제조업,1984-10-04,12
아남전자,008700,영상 및 음향기기 제조업,1984-08-11,12
현대미포조선,010620,선박 및 보트 건조업,1983-12-20,12
GS건설,006360,건물 건설업,1981-08-03,12
삼아알미늄,006110,1차 비철금속 제조업,1980-12-05,12
한국전자홀딩스,006200,기타 금융업,1979-11-30,12
삼성SDI,006400,일차전지 및 축전지 제조업,1979-02-27,12
삼성전기,009150,전자부품 제조업,1979-02-27,12
고려개발,004200,토목 건설업,1978-10-30,12
동부건설,005960,토목 건설업,1978-10-30,12
케이씨티시,009070,도로 화물 운송업,1978-09-29,12
코오롱글로벌,003070,토목 건설업,1978-09-15,12
빙그레,005180,낙농제품 및 식용빙과류 제조업,1978-08-31,12
녹십자홀딩스,005250,회사 본부 및 경영 컨설팅 서비스업,1978-08-28,12
신한,005450,건물 건설업,1978-07-28,12
조선내화,000480,내화| 비내화 요업제품 제조업,1978-06-30,12
현대약품,004310,의약품 제조업,1978-06-28,11
남양유업,003920,낙농제품 및 식용빙과류 제조업,1978-06-24,12
남선알미늄,008350,1차 비철금속 제조업,1978-05-22,12
한국화장품제조,003350,기타 화학제품 제조업,1978-02-06,12
삼호,001880,건물 건설업,1977-12-22,12
현대종합상사,011760,상품 종합 도매업,1977-12-01,12
LS,006260,기타 금융업,1977-06-30,12
SK네트웍스,001740,기타 전문 도매업,1977-06-30,12
경농,002100,비료| 농약 및 살균| 살충제 제조업,1977-06-30,12
티웨이홀딩스,004870,시멘트| 석회| 플라스터 및 그 제품 제조업,1977-06-30,12
동방아그로,007590,비료| 농약 및 살균| 살충제 제조업,1977-06-29,12
송원산업,004430,기타 화학제품 제조업,1977-06-25,12
진흥기업,002780,토목 건설업,1977-06-25,12
한국석유공업,004090,기타 비금속 광물제품 제조업,1977-06-25,12
천일고속,000650,육상 여객 운송업,1977-06-23,12
대원강업,000430,자동차 신품 부품 제조업,1977-06-22,12
만호제강,001080,1차 철강 제조업,1977-06-18,6
조광피혁,004700,가죽| 가방 및 유사제품 제조업,1977-05-27,12
세방,004360,도로 화물 운송업,1977-05-19,12
동양철관,008970,1차 철강 제조업,1977-03-05,12
대유에이텍,002880,자동차 신품 부품 제조업,1977-02-18,12
남광토건,001260,토목 건설업,1976-12-28,12
삼영전자공업,005680,전자부품 제조업,1976-12-28,12
신영와코루,005800,봉제의복 제조업,1976-12-28,12
오리엔트바이오,002630,의약품 제조업,1976-12-28,3
조비,001550,비료| 농약 및 살균| 살충제 제조업,1976-12-28,12
한국공항,005430,기타 운송관련 서비스업,1976-12-28,12
조광페인트,004910,기타 화학제품 제조업,1976-12-27,12
삼천리,004690,연료용 가스 제조 및 배관공급업,1976-12-23,12
성보화학,003080,비료| 농약 및 살균| 살충제 제조업,1976-12-23,12
조흥,002600,기타 식품 제조업,1976-12-23,12
금양,001570,기초 화학물질 제조업,1976-12-17,12
사조대림,003960,수산물 가공 및 저장 처리업,1976-09-16,12
남영비비안,002070,봉제의복 제조업,1976-07-13,12
S&T중공업,003570,자동차 신품 부품 제조업,1976-07-08,12
한신공영,004960,건물 건설업,1976-07-07,12
농심,004370,기타 식품 제조업,1976-06-30,12
삼영화학공업,003720,플라스틱제품 제조업,1976-06-30,12
성신양회,004980,시멘트| 석회| 플라스터 및 그 제품 제조업,1976-06-30,12
신라교역,004970,어로 어업,1976-06-30,12
신풍제지,002870,펄프| 종이 및 판지 제조업,1976-06-30,12
종근당홀딩스,001630,의약품 제조업,1976-06-30,12
크라운해태홀딩스,005740,기타 금융업,1976-06-30,12
한독,002390,의약품 제조업,1976-06-30,12
SG충방,001380,자동차 신품 부품 제조업,1976-06-29,12
SK디스커버리,006120,기타 금융업,1976-06-29,12
샘표,007540,기타 금융업,1976-06-29,12
흥아해운,003280,해상 운송업,1976-06-29,12
GS글로벌,001250,상품 종합 도매업,1976-06-26,12
금호산업,002990,건물 건설업,1976-06-26,12
삼부토건,001470,토목 건설업,1976-06-26,12
삼화콘덴서공업,001820,전자부품 제조업,1976-06-26,12
페이퍼코리아,001020,펄프| 종이 및 판지 제조업,1976-06-26,12
동양,001520,시멘트| 석회| 플라스터 및 그 제품 제조업,1976-06-25,12
한화,000880,기타 화학제품 제조업,1976-06-24,12
JW중외제약,001060,의약품 제조업,1976-06-14,12
영풍,000670,1차 비철금속 제조업,1976-06-12,12
백광산업,001340,기초 화학물질 제조업,1976-06-10,12
성창기업지주,000180,회사 본부 및 경영 컨설팅 서비스업,1976-06-02,12
한창,005110,기계장비 및 관련 물품 도매업,1976-06-01,12
삼화왕관,004450,기타 금속 가공제품 제조업,1976-05-28,12
KR모터스,000040,그외 기타 운송장비 제조업,1976-05-25,12
고려제강,002240,1차 철강 제조업,1976-05-25,12
태양금속공업,004100,자동차 신품 부품 제조업,1976-05-25,12
선창산업,002820,나무제품 제조업,1976-05-22,12
DRB동일,004840,기타 금융업,1976-05-21,12
넥센타이어,002350,고무제품 제조업,1976-05-19,12
SG세계물산,004060,상품 종합 도매업,1976-04-19,12
롯데정밀화학,004000,기초 화학물질 제조업,1976-04-15,12
동화약품,000020,의약품 제조업,1976-03-24,12
대림산업,000210,토목 건설업,1976-02-02,12
LG상사,001120,상품 중개업,1976-01-30,12
국제약품,002720,의약품 제조업,1975-12-27,12
태광산업,003240,화학섬유 제조업,1975-12-27,12
부산주공,005030,자동차 신품 부품 제조업,1975-12-26,12
한일현대시멘트,006390,시멘트| 석회| 플라스터 및 그 제품 제조업,1975-12-26,12
CS홀딩스,000590,기타 금융업,1975-12-22,12
신성통상,005390,기타 전문 도매업,1975-12-22,6
DB하이텍,000990,반도체 제조업,1975-12-12,12
대림통상,006570,기타 금속 가공제품 제조업,1975-11-20,12
유유제약,000220,의약품 제조업,1975-11-18,12
강남제비스코,000860,기타 화학제품 제조업,1975-11-12,12
대신증권,003540,금융 지원 서비스업,1975-10-01,12
NH투자증권,005940,금융 지원 서비스업,1975-09-30,12
미래에셋대우,006800,금융 지원 서비스업,1975-09-30,12
신일전자,002700,기계장비 및 관련 물품 도매업,1975-09-30,12
삼성제약,001360,의약품 제조업,1975-07-04,12
삼성화재해상보험,000810,보험업,1975-06-30,12
삼양식품,003230,기타 식품 제조업,1975-06-30,12
한화손해보험,000370,보험업,1975-06-30,12
NI스틸,008260,1차 철강 제조업,1975-06-28,12
일동홀딩스,000230,의약품 제조업,1975-06-28,12
대동공업,000490,특수 목적용 기계 제조업,1975-06-27,12
오리온홀딩스,001800,기타 금융업,1975-06-27,12
깨끗한나라,004540,펄프| 종이 및 판지 제조업,1975-06-25,12
태원물산,001420,자동차 신품 부품 제조업,1975-06-24,12
코오롱,002020,기타 금융업,1975-06-23,12
삼성전자,005930,통신 및 방송 장비 제조업,1975-06-11,12
대유플러스,000300,통신 및 방송 장비 제조업,1975-06-09,12
BYC,001460,봉제의복 제조업,1975-06-02,12
쌍용자동차,003620,자동차용 엔진 및 자동차 제조업,1975-05-29,12
쌍용양회공업,003410,시멘트| 석회| 플라스터 및 그 제품 제조업,1975-05-03,12
SPC삼립,005610,기타 식품 제조업,1975-05-02,12
흥국화재,000540,보험업,1974-12-05,12
우리종금,010050,기타 금융업,1974-09-11,12
일양약품,007570,의약품 제조업,1974-08-28,12
한진,002320,도로 화물 운송업,1974-08-12,12
한국수출포장공업,002200,골판지| 종이 상자 및 종이용기 제조업,1974-06-28,12
현대자동차,005380,자동차용 엔진 및 자동차 제조업,1974-06-28,12
모나미,005360,생활용품 도매업,1974-06-26,12
한화솔루션,009830,기초 화학물질 제조업,1974-06-19,12
아세아,002030,회사 본부 및 경영 컨설팅 서비스업,1974-06-03,12
카프로,006380,기초 화학물질 제조업,1974-05-28,12
롯데지주,004990,기타 금융업,1974-02-16,12
대한방직,001070,직물직조 및 직물제품 제조업,1973-12-28,12
서울식품공업,004410,기타 식품 제조업,1973-12-28,12
아이에이치큐,003560,영화| 비디오물| 방송프로그램 제작 및 배급업,1973-12-18,12
LS네트웍스,000680,상품 종합 도매업,1973-11-15,12
금호전기,001210,전구 및 조명장치 제조업,1973-11-15,12
하이트진로홀딩스,000140,기타 금융업,1973-09-19,12
노루홀딩스,000320,기타 금융업,1973-08-10,12
기아자동차,000270,자동차용 엔진 및 자동차 제조업,1973-07-21,12
효성,004800,기타 금융업,1973-06-30,12
CJ,001040,기타 금융업,1973-06-29,12
두산,000150,회사 본부 및 경영 컨설팅 서비스업,1973-06-29,12
휴스틸,005010,1차 철강 제조업,1973-06-29,12
DB손해보험,005830,보험업,1973-06-28,12
대웅,003090,기타 금융업,1973-06-26,12
동양물산기업,002900,특수 목적용 기계 제조업,1973-06-26,12
진양산업,003780,플라스틱제품 제조업,1973-06-26,12
영진약품,003520,의약품 제조업,1973-06-25,12
케이씨씨,002380,기타 화학제품 제조업,1973-06-25,12
롯데칠성음료,005300,비알코올음료 및 얼음 제조업,1973-06-21,12
일신방직,003200,방적 및 가공사 제조업,1973-05-23,12
롯데푸드,002270,낙농제품 및 식용빙과류 제조업,1973-05-09,12
아모레퍼시픽그룹,002790,기타 화학제품 제조업,1973-04-30,12
제주은행,006220,은행 및 저축기관,1972-12-28,12
한솔홀딩스,004150,기타 금융업,1972-05-17,12
벽산,007210,기타 비금속 광물제품 제조업,1972-01-04,12
한국제지,002300,펄프| 종이 및 판지 제조업,1971-06-23,12
롯데손해보험,000400,보험업,1971-04-16,12
대한제분,001130,곡물가공품| 전분 및 전분제품 제조업,1970-11-25,12
대상,001680,기타 식품 제조업,1970-04-01,12
LG,003550,기타 금융업,1970-02-13,12
동아쏘시오홀딩스,000640,기타 금융업,1970-02-10,12
코리안리,003690,재 보험업,1969-12-22,12
한국주철관공업,000970,1차 철강 제조업,1969-12-12,3
한일홀딩스,003300,시멘트| 석회| 플라스터 및 그 제품 제조업,1969-11-20,12
엔피씨,004250,플라스틱제품 제조업,1969-09-08,12
세아제강지주,003030,기타 금융업,1969-05-13,12
대한전선,001440,절연선 및 케이블 제조업,1968-12-27,12
대한제당,001790,곡물가공품| 전분 및 전분제품 제조업,1968-12-27,12
삼양홀딩스,000070,기타 금융업,1968-12-27,12
세기상사,002420,영화| 비디오물| 방송프로그램 제작 및 배급업,1968-12-27,12
한국테크놀로지그룹,000240,기타 금융업,1968-12-27,12
전방,000950,방적 및 가공사 제조업,1968-10-21,12
대한항공,003490,항공 여객 운송업,1966-03-18,12
디아이동일,001530,상품 중개업,1964-01-04,12
유한양행,000100,의약품 제조업,1962-11-01,12
CJ대한통운,000120,도로 화물 운송업,1956-07-02,12
메리츠화재,000060,보험업,1956-07-02,12
경방,000050,종합 소매업,1956-03-03,12
유수홀딩스,000700,회사 본부 및 경영 컨설팅 서비스업,1956-03-03,12
한진중공업홀딩스,003480,연료용 가스 제조 및 배관공급업,1956-03-03,12
